Diploma,Opleiding,Jaar,Semester,Cursuscode,Studiepunten,Lesgevers,Trefwoorden,Evaluatiemomenten,Evaluatievormen PGE1,Evaluatievormen PGE2,Evaluatievormen NPGE
BACH,HBPEDAKO,1,1,H000350,5,Marc Brysbaert,psychologie|hersenen|waarneming|geheugen|taal|intelligentie|persoonlijkheid|psychopathologie|therapie,periodegebonden,schriftelijk examen met meerkeuzevragen,schriftelijk examen met meerkeuzevragen,
BACH,HBPEDAKO,1,1,H002067,7,Jan De Neve,"statistiek, methodologie|data-analyse",periodegebonden|niet-periodegebonden,schriftelijk examen met meerkeuzevragen,schriftelijk examen met meerkeuzevragen,participatie
BACH,HBPEDAKO,1,1,H002075,6,Sarah De Pauw|Geert Van Hove,klinische orthopedagogiek|disability studies|doelgroepspecifieke expertise,periodegebonden|niet-periodegebonden,schriftelijk examen,schriftelijk examen,werkstuk
BACH,HBPEDAKO,1,1,H002076,6,Lieve Bradt,sociale pedagogiek|sociaal werk|(nieuwe) sociale kwestie|sociale probleemconstructies|verzorgingsstaat|maatschappelijke ontwikkelingen|sociaal werkpraktijken,periodegebonden,schriftelijk examen met open vragen,schriftelijk examen met open vragen,
BACH,HBPEDAKO,1,1,H002210,6,Melissa Tuytens|Martin Valcke,leren|instructie|epistemologie|behaviorisme|cognitivisme|constructivisme|metacognitie|evaluatie|curriculumontwikkeling|instructional design.,periodegebonden|niet-periodegebonden,schriftelijk examen met meerkeuzevragen,schriftelijk examen met meerkeuzevragen,participatie|werkstuk
BACH,HBPEDAKO,1,2,H001647,5,Mart Willekens|Mieke Van Houtte,aanbodsessie a en b: structuur|cultuur|institutie|socialisatie|sociologische banaderingswijzen|bijzondere sociologieën,periodegebonden,schriftelijk examen met meerkeuzevragen,schriftelijk examen met meerkeuzevragen,
BACH,HBPEDAKO,1,2,H001860,5,Martin Valcke|Liesje De Backer,pedagogische praktijk|pedagogische beroepen|pedagogische werkvelden|pedagogische voorzieningen|pedagogische structuren en systemen|professioneel handelen.,periodegebonden|niet-periodegebonden,schriftelijk examen,schriftelijk examen,werkstuk|verslag
BACH,HBPEDAKO,1,2,H001861,5,Sarah De Pauw|Jan Naert,orthopedagogische werkvelden|zorgorganisatie|deïnstitutionalisering|kwaliteitszorg|wetenschappelijk onderzoek.,periodegebonden|niet-periodegebonden,schriftelijk examen met open vragen|schriftelijk examen met meerkeuzevragen,schriftelijk examen met open vragen|schriftelijk examen met meerkeuzevragen,werkstuk|peer-evaluatie|verslag
BACH,HBPEDAKO,1,2,H001862,5,Michel Vandenbroeck,verzorgingsstaat|social profit|sociaal beleid|sociaal werkpraktijken.,niet-periodegebonden,werkstuk,werkstuk,participatie|werkstuk
BACH,HBPEDAKO,1,2,H001976,5,Farah Focquaert,"wijsgerige antropologie|mensbeelden|maakbaarheid van de mens, zingeving|neuropsychiatrie|neurowetenschappen|strafrecht|vrije wil en agency",periodegebonden,schriftelijk examen met open vragen,schriftelijk examen met open vragen,
BACH,HBPEDAKO,1,2,H002077,5,Bruno Vanobbergen,pedagogisch driestromenland|opvoeding|pedagogische kwestie|pedagogische relatie|pedagogische basisbegrippen|pedagogische contexten.,periodegebonden,schriftelijk examen met open vragen,schriftelijk examen met open vragen,
BACH,HBPEDAKO,2,1,H001386,6,Bart Soenens|Wim Beyers|Katrijn Brenning,klassieke ontwikkelingspsychologie|ontwikkelingsfasen|ontwikkelingstheorieën|fysieke ontwikkeling|cognitieve ontwikkeling|emotionele ontwikkeling|sociale ontwikkeling,periodegebonden,schriftelijk examen met meerkeuzevragen,schriftelijk examen met meerkeuzevragen,
BACH,HBPEDAKO,2,1,H001583,6,Lieselot De Wilde|Bruno Vanobbergen,historisch perspectief|historiciteit|epistemologie|pedagogisering|sociale kwestie|kolonisatie|19de en 20ste eeuw|geschiedenis van het heden|onderwijsgeschiedenis|genealogie|pedagogische theorieën en praktijken,periodegebonden|niet-periodegebonden,schriftelijk examen met open vragen|werkstuk,schriftelijk examen met open vragen|werkstuk,
BACH,HBPEDAKO,2,1,H001864,5,Clara De Ruysscher|Didier Reynaert|Lore Van Damme,"ethiek|deontologie|beroepsgeheim|privacy|verantwoord pedagogisch handelen|vrijheidsbeperking|rechten van kinderen en jongeren|patiëntenrechten|kindermishandeling, radicalisering|ethiek van wetenschappelijk onderzoek",periodegebonden|niet-periodegebonden,schriftelijk examen met open vragen|schriftelijk examen met meerkeuzevragen|openboekexamen,schriftelijk examen met open vragen|schriftelijk examen met meerkeuzevragen|openboekexamen,portfolio|peer-evaluatie|verslag
BACH,HBPEDAKO,2,1,H002016,6,Ilse Derluyn|Floor Verhaeghe,diversiteit|cultuur|transculturalisering|migratie|vluchtelingen|discriminatie|segregatie.,periodegebonden|niet-periodegebonden,schriftelijk examen,schriftelijk examen,werkstuk
BACH,HBPEDAKO,2,2,H000474,6,Geert Devos,staalkaart van de comparatieve en internationale pedagogiek|internationale indicatoren |internationale onderwijsorganisaties|classificatie onderwijssystemen|studie onderwijssystemen|methodologie van het vergelijken,periodegebonden|niet-periodegebonden,schriftelijk examen met open vragen,schriftelijk examen met open vragen,werkstuk
BACH,HBPEDAKO,2,2,H001440,6,Thierry Marchant,statistiek,periodegebonden,schriftelijk examen met meerkeuzevragen,schriftelijk examen met meerkeuzevragen,
BACH,HBPEDAKO,2,2,H001464,4,Wim Derave,fysiologie|anatomie|neurofysiologie,periodegebonden,schriftelijk examen met meerkeuzevragen,schriftelijk examen met meerkeuzevragen,
BACH,HBPEDAKO,2,2,H001671,5,Lieselot De Wilde,wetenschap|kennis|waarheid|ethiek|pedagogische wetenschappen|pedagogiek|methode|pedagogische stromingen|maatschappelijke problemen.,periodegebonden,schriftelijk examen met open vragen,schriftelijk examen met open vragen,
BACH,HBPEDAKO,2,2,H001875,5,Sara Rowaert|Claudia Claes|Griet Roets|Hilde Van Keer,rapportage|(participatief) onderzoek|machtsrelaties in klinisch-pedagogische praktijk|kritische reflexiviteit,periodegebonden|niet-periodegebonden,schriftelijk examen|openboekexamen,schriftelijk examen|openboekexamen,portfolio
BACH,HBPEDAKO,2,2,H002062,5,Michel Vandenbroeck,kinderopvang|kleuterschool..,periodegebonden|niet-periodegebonden,schriftelijk examen,schriftelijk examen,werkstuk
BACH,HBPEDAKO,2,A,H001894,6,Elisabeth De Schauwer,inclusie|diversiteit|categoriaal denken|intersectionaliteit|opvoeding en onderwijs,niet-periodegebonden,participatie|werkstuk,participatie|werkstuk,participatie|werkstuk|gedragsevaluatie op de werkvloer
BACH,HBPEDAKO,3,1,H000216,5,Griet Roets|Geert Vandermeersche|Geert Van Hove,onderzoeksmethodologie|interpretatie|kwalitatieve onderzoeksmethoden,niet-periodegebonden,openboekexamen|werkstuk,openboekexamen|werkstuk,
BACH,HBPEDAKO,3,1,H001347,5,Herbert Roeyers|Ellen Demurie,therapeutische scholen|psychologische modellen|hulpverlening|gedragstherapie|gezinstherapie|psychodynamische therapie|person-centered therapie,periodegebonden|niet-periodegebonden,openboekexamen,openboekexamen,participatie|verslag
BACH,HBPEDAKO,3,1,H001876,5,Kris Rutten,cultuur|retoriek|geletterdheid|educatie|antropologie.,periodegebonden|niet-periodegebonden,schriftelijk examen met open vragen,schriftelijk examen met open vragen,portfolio|werkstuk
BACH,HBPEDAKO,3,1,H002039,5,Rudi Roose|Jochen Devlieghere,jeugdbescherming|bijzondere jeugdbijstand|verontrustende opvoedingssituatie|jeugddelinquentie|integrale jeugdhulp,periodegebonden,schriftelijk examen met open vragen,schriftelijk examen met open vragen,
BACH,HBPEDAKO,3,1,H002080,6,Jan Naert|Wouter Vanderplasschen|Geert Van Hove,orthopedagogiek|disability studies|gedrags- en emotionele stoornissen|middelenmisbruik.,periodegebonden|niet-periodegebonden,schriftelijk examen,schriftelijk examen,portfolio|werkstuk
BACH,HBPEDAKO,3,2,H000015,3,Lesley Verhofstadt,gespreksvaardigheden|verandering in klinisch psychologische context|therapeutische relatie|proces voor probleemidentificatie,periodegebonden|niet-periodegebonden,schriftelijk examen met open vragen,schriftelijk examen met open vragen,participatie|werkstuk
BACH,HBPEDAKO,3,2,H001529,4,Roeljan Wiersema|Annabel Nijhof,autismespectrumstoornis|adhd|gedragsstoornissen|gilles-de-la-tourette|specifieke neurobiologische ontwikkelingsstoornissen|diagnostiek,periodegebonden|niet-periodegebonden,schriftelijk examen met open vragen|openboekexamen,schriftelijk examen met open vragen|openboekexamen,participatie
BACH,HBPEDAKO,3,2,H001830,5,Beatrijs Moerkerke,onderzoeksmethoden|statistiek|data-analyse,periodegebonden|niet-periodegebonden,schriftelijk examen met open vragen|schriftelijk examen met meerkeuzevragen|openboekexamen,schriftelijk examen met open vragen|schriftelijk examen met meerkeuzevragen|openboekexamen,participatie
BACH,HBPEDAKO,3,2,H002079,8,Stijn Vandevelde,orthopedagogiek|theorievorming.,periodegebonden|niet-periodegebonden,schriftelijk examen,schriftelijk examen,werkstuk|verslag
BACH,HBPEDAKO,3,2,H002083,4,Patrick Santens|Kurt Audenaert,hersenen|ontwikkeling|hersenziekten|psychiatrische ziektebeelden,periodegebonden,schriftelijk examen met open vragen|schriftelijk examen met meerkeuzevragen,schriftelijk examen met open vragen|schriftelijk examen met meerkeuzevragen,
BACH,HBPEDAKO,3,J,H002082,5,Fien De Smedt|Joris De Corte|Clara De Ruysscher|Emmelien Merchie|Sara Rowaert|Hilde Van Keer,academische geletterdheid|academische zoekvaardigheden|academische leesvaardigheden|academische schrijfvaardigheden en presentatievaardigheden.,niet-periodegebonden,,,participatie|werkstuk|peer-evaluatie
BACH,HBPEDAPO,1,1,H000350,5,Marc Brysbaert,psychologie|hersenen|waarneming|geheugen|taal|intelligentie|persoonlijkheid|psychopathologie|therapie,periodegebonden,schriftelijk examen met meerkeuzevragen,schriftelijk examen met meerkeuzevragen,
BACH,HBPEDAPO,1,1,H002067,7,Jan De Neve,"statistiek, methodologie|data-analyse",periodegebonden|niet-periodegebonden,schriftelijk examen met meerkeuzevragen,schriftelijk examen met meerkeuzevragen,participatie
BACH,HBPEDAPO,1,1,H002075,6,Sarah De Pauw|Geert Van Hove,klinische orthopedagogiek|disability studies|doelgroepspecifieke expertise,periodegebonden|niet-periodegebonden,schriftelijk examen,schriftelijk examen,werkstuk
BACH,HBPEDAPO,1,1,H002076,6,Lieve Bradt,sociale pedagogiek|sociaal werk|(nieuwe) sociale kwestie|sociale probleemconstructies|verzorgingsstaat|maatschappelijke ontwikkelingen|sociaal werkpraktijken,periodegebonden,schriftelijk examen met open vragen,schriftelijk examen met open vragen,
BACH,HBPEDAPO,1,1,H002210,6,Melissa Tuytens|Martin Valcke,leren|instructie|epistemologie|behaviorisme|cognitivisme|constructivisme|metacognitie|evaluatie|curriculumontwikkeling|instructional design.,periodegebonden|niet-periodegebonden,schriftelijk examen met meerkeuzevragen,schriftelijk examen met meerkeuzevragen,participatie|werkstuk
BACH,HBPEDAPO,1,2,H001647,5,Mart Willekens|Mieke Van Houtte,aanbodsessie a en b: structuur|cultuur|institutie|socialisatie|sociologische banaderingswijzen|bijzondere sociologieën,periodegebonden,schriftelijk examen met meerkeuzevragen,schriftelijk examen met meerkeuzevragen,
BACH,HBPEDAPO,1,2,H001860,5,Martin Valcke|Liesje De Backer,pedagogische praktijk|pedagogische beroepen|pedagogische werkvelden|pedagogische voorzieningen|pedagogische structuren en systemen|professioneel handelen.,periodegebonden|niet-periodegebonden,schriftelijk examen,schriftelijk examen,werkstuk|verslag
BACH,HBPEDAPO,1,2,H001861,5,Sarah De Pauw|Jan Naert,orthopedagogische werkvelden|zorgorganisatie|deïnstitutionalisering|kwaliteitszorg|wetenschappelijk onderzoek.,periodegebonden|niet-periodegebonden,schriftelijk examen met open vragen|schriftelijk examen met meerkeuzevragen,schriftelijk examen met open vragen|schriftelijk examen met meerkeuzevragen,werkstuk|peer-evaluatie|verslag
BACH,HBPEDAPO,1,2,H001862,5,Michel Vandenbroeck,verzorgingsstaat|social profit|sociaal beleid|sociaal werkpraktijken.,niet-periodegebonden,werkstuk,werkstuk,participatie|werkstuk
BACH,HBPEDAPO,1,2,H001976,5,Farah Focquaert,"wijsgerige antropologie|mensbeelden|maakbaarheid van de mens, zingeving|neuropsychiatrie|neurowetenschappen|strafrecht|vrije wil en agency",periodegebonden,schriftelijk examen met open vragen,schriftelijk examen met open vragen,
BACH,HBPEDAPO,1,2,H002077,5,Bruno Vanobbergen,pedagogisch driestromenland|opvoeding|pedagogische kwestie|pedagogische relatie|pedagogische basisbegrippen|pedagogische contexten.,periodegebonden,schriftelijk examen met open vragen,schriftelijk examen met open vragen,
BACH,HBPEDAPO,2,1,H001386,6,Bart Soenens|Wim Beyers|Katrijn Brenning,klassieke ontwikkelingspsychologie|ontwikkelingsfasen|ontwikkelingstheorieën|fysieke ontwikkeling|cognitieve ontwikkeling|emotionele ontwikkeling|sociale ontwikkeling,periodegebonden,schriftelijk examen met meerkeuzevragen,schriftelijk examen met meerkeuzevragen,
BACH,HBPEDAPO,2,1,H001583,6,Lieselot De Wilde|Bruno Vanobbergen,historisch perspectief|historiciteit|epistemologie|pedagogisering|sociale kwestie|kolonisatie|19de en 20ste eeuw|geschiedenis van het heden|onderwijsgeschiedenis|genealogie|pedagogische theorieën en praktijken,periodegebonden|niet-periodegebonden,schriftelijk examen met open vragen|werkstuk,schriftelijk examen met open vragen|werkstuk,
BACH,HBPEDAPO,2,1,H001864,5,Clara De Ruysscher|Didier Reynaert|Lore Van Damme,"ethiek|deontologie|beroepsgeheim|privacy|verantwoord pedagogisch handelen|vrijheidsbeperking|rechten van kinderen en jongeren|patiëntenrechten|kindermishandeling, radicalisering|ethiek van wetenschappelijk onderzoek",periodegebonden|niet-periodegebonden,schriftelijk examen met open vragen|schriftelijk examen met meerkeuzevragen|openboekexamen,schriftelijk examen met open vragen|schriftelijk examen met meerkeuzevragen|openboekexamen,portfolio|peer-evaluatie|verslag
BACH,HBPEDAPO,2,1,H002016,6,Ilse Derluyn|Floor Verhaeghe,diversiteit|cultuur|transculturalisering|migratie|vluchtelingen|discriminatie|segregatie.,periodegebonden|niet-periodegebonden,schriftelijk examen,schriftelijk examen,werkstuk
BACH,HBPEDAPO,2,2,H000474,6,Geert Devos,staalkaart van de comparatieve en internationale pedagogiek|internationale indicatoren |internationale onderwijsorganisaties|classificatie onderwijssystemen|studie onderwijssystemen|methodologie van het vergelijken,periodegebonden|niet-periodegebonden,schriftelijk examen met open vragen,schriftelijk examen met open vragen,werkstuk
BACH,HBPEDAPO,2,2,H001440,6,Thierry Marchant,statistiek,periodegebonden,schriftelijk examen met meerkeuzevragen,schriftelijk examen met meerkeuzevragen,
BACH,HBPEDAPO,2,2,H001464,4,Wim Derave,fysiologie|anatomie|neurofysiologie,periodegebonden,schriftelijk examen met meerkeuzevragen,schriftelijk examen met meerkeuzevragen,
BACH,HBPEDAPO,2,2,H001671,5,Lieselot De Wilde,wetenschap|kennis|waarheid|ethiek|pedagogische wetenschappen|pedagogiek|methode|pedagogische stromingen|maatschappelijke problemen.,periodegebonden,schriftelijk examen met open vragen,schriftelijk examen met open vragen,
BACH,HBPEDAPO,2,2,H001875,5,Sara Rowaert|Claudia Claes|Griet Roets|Hilde Van Keer,rapportage|(participatief) onderzoek|machtsrelaties in klinisch-pedagogische praktijk|kritische reflexiviteit,periodegebonden|niet-periodegebonden,schriftelijk examen|openboekexamen,schriftelijk examen|openboekexamen,portfolio
BACH,HBPEDAPO,2,2,H002062,5,Michel Vandenbroeck,kinderopvang|kleuterschool..,periodegebonden|niet-periodegebonden,schriftelijk examen,schriftelijk examen,werkstuk
BACH,HBPEDAPO,2,A,H001894,6,Elisabeth De Schauwer,inclusie|diversiteit|categoriaal denken|intersectionaliteit|opvoeding en onderwijs,niet-periodegebonden,participatie|werkstuk,participatie|werkstuk,participatie|werkstuk|gedragsevaluatie op de werkvloer
BACH,HBPEDAPO,3,1,H000216,5,Griet Roets|Geert Vandermeersche|Geert Van Hove,onderzoeksmethodologie|interpretatie|kwalitatieve onderzoeksmethoden,niet-periodegebonden,openboekexamen|werkstuk,openboekexamen|werkstuk,
BACH,HBPEDAPO,3,1,H001347,5,Herbert Roeyers|Ellen Demurie,therapeutische scholen|psychologische modellen|hulpverlening|gedragstherapie|gezinstherapie|psychodynamische therapie|person-centered therapie,periodegebonden|niet-periodegebonden,openboekexamen,openboekexamen,participatie|verslag
BACH,HBPEDAPO,3,1,H001876,5,Kris Rutten,cultuur|retoriek|geletterdheid|educatie|antropologie.,periodegebonden|niet-periodegebonden,schriftelijk examen met open vragen,schriftelijk examen met open vragen,portfolio|werkstuk
BACH,HBPEDAPO,3,1,H001879,6,Tammy Schellens|Tijs Rotsaert,werkvormen|methoden|instructiestrategieën|onderwijssystemen.,periodegebonden|niet-periodegebonden,mondeling examen,mondeling examen,portfolio|participatie|werkstuk|peer-evaluatie
BACH,HBPEDAPO,3,1,H001881,6,Johan van Braak,curriculumtheorie|curriculumontwikkeling|curriculumbenaderingen|curriculummodellen|curriculumevaluatie.,periodegebonden|niet-periodegebonden,schriftelijk examen met open vragen,schriftelijk examen met open vragen,werkstuk
BACH,HBPEDAPO,3,1,H002039,5,Rudi Roose|Jochen Devlieghere,jeugdbescherming|bijzondere jeugdbijstand|verontrustende opvoedingssituatie|jeugddelinquentie|integrale jeugdhulp,periodegebonden,schriftelijk examen met open vragen,schriftelijk examen met open vragen,
BACH,HBPEDAPO,3,2,H001830,5,Beatrijs Moerkerke,onderzoeksmethoden|statistiek|data-analyse,periodegebonden|niet-periodegebonden,schriftelijk examen met open vragen|schriftelijk examen met meerkeuzevragen|openboekexamen,schriftelijk examen met open vragen|schriftelijk examen met meerkeuzevragen|openboekexamen,participatie
BACH,HBPEDAPO,3,2,H001887,6,Valérie Thomas|Johan van Braak,ontwerpmethodologie|ontwerprationaliteiten|ontwerpgericht onderzoek|ontwerppraktijk.,periodegebonden|niet-periodegebonden,schriftelijk examen met open vragen,schriftelijk examen met open vragen|schriftelijk examen met meerkeuzevragen,werkstuk
BACH,HBPEDAPO,3,2,H002050,6,Hilde Van Keer|Piet Van Avermaet,ontluikende geletterdheid moedertaalonderwijs (spreken|luisteren|schrijven|lezen|taalbeschouwing)|meertaligheid en nederlands als tweede taal.,periodegebonden|niet-periodegebonden,schriftelijk examen met open vragen,schriftelijk examen met open vragen,werkstuk
BACH,HBPEDAPO,3,2,H002168,6,Valérie Lehouck|Liesje De Backer,didactiek|leermaterialen|geletterdheid|basisonderwijs|wiskunde|stem|motiveren & differentiëren|opvattingen over stem-didactiek|onderwijstechnologie|praktijkonderzoek.,periodegebonden|niet-periodegebonden,schriftelijk examen,schriftelijk examen,participatie|werkstuk|peer-evaluatie|verslag
BACH,HBPEDAPO,3,J,H002082,5,Fien De Smedt|Joris De Corte|Clara De Ruysscher|Emmelien Merchie|Sara Rowaert|Hilde Van Keer,academische geletterdheid|academische zoekvaardigheden|academische leesvaardigheden|academische schrijfvaardigheden en presentatievaardigheden.,niet-periodegebonden,,,participatie|werkstuk|peer-evaluatie
BACH,HBPEDASA,1,1,H000350,5,Marc Brysbaert,psychologie|hersenen|waarneming|geheugen|taal|intelligentie|persoonlijkheid|psychopathologie|therapie,periodegebonden,schriftelijk examen met meerkeuzevragen,schriftelijk examen met meerkeuzevragen,
BACH,HBPEDASA,1,1,H002067,7,Jan De Neve,"statistiek, methodologie|data-analyse",periodegebonden|niet-periodegebonden,schriftelijk examen met meerkeuzevragen,schriftelijk examen met meerkeuzevragen,participatie
BACH,HBPEDASA,1,1,H002075,6,Sarah De Pauw|Geert Van Hove,klinische orthopedagogiek|disability studies|doelgroepspecifieke expertise,periodegebonden|niet-periodegebonden,schriftelijk examen,schriftelijk examen,werkstuk
BACH,HBPEDASA,1,1,H002076,6,Lieve Bradt,sociale pedagogiek|sociaal werk|(nieuwe) sociale kwestie|sociale probleemconstructies|verzorgingsstaat|maatschappelijke ontwikkelingen|sociaal werkpraktijken,periodegebonden,schriftelijk examen met open vragen,schriftelijk examen met open vragen,
BACH,HBPEDASA,1,1,H002210,6,Melissa Tuytens|Martin Valcke,leren|instructie|epistemologie|behaviorisme|cognitivisme|constructivisme|metacognitie|evaluatie|curriculumontwikkeling|instructional design.,periodegebonden|niet-periodegebonden,schriftelijk examen met meerkeuzevragen,schriftelijk examen met meerkeuzevragen,participatie|werkstuk
BACH,HBPEDASA,1,2,H001647,5,Mart Willekens|Mieke Van Houtte,aanbodsessie a en b: structuur|cultuur|institutie|socialisatie|sociologische banaderingswijzen|bijzondere sociologieën,periodegebonden,schriftelijk examen met meerkeuzevragen,schriftelijk examen met meerkeuzevragen,
BACH,HBPEDASA,1,2,H001860,5,Martin Valcke|Liesje De Backer,pedagogische praktijk|pedagogische beroepen|pedagogische werkvelden|pedagogische voorzieningen|pedagogische structuren en systemen|professioneel handelen.,periodegebonden|niet-periodegebonden,schriftelijk examen,schriftelijk examen,werkstuk|verslag
BACH,HBPEDASA,1,2,H001861,5,Sarah De Pauw|Jan Naert,orthopedagogische werkvelden|zorgorganisatie|deïnstitutionalisering|kwaliteitszorg|wetenschappelijk onderzoek.,periodegebonden|niet-periodegebonden,schriftelijk examen met open vragen|schriftelijk examen met meerkeuzevragen,schriftelijk examen met open vragen|schriftelijk examen met meerkeuzevragen,werkstuk|peer-evaluatie|verslag
BACH,HBPEDASA,1,2,H001862,5,Michel Vandenbroeck,verzorgingsstaat|social profit|sociaal beleid|sociaal werkpraktijken.,niet-periodegebonden,werkstuk,werkstuk,participatie|werkstuk
BACH,HBPEDASA,1,2,H001976,5,Farah Focquaert,"wijsgerige antropologie|mensbeelden|maakbaarheid van de mens, zingeving|neuropsychiatrie|neurowetenschappen|strafrecht|vrije wil en agency",periodegebonden,schriftelijk examen met open vragen,schriftelijk examen met open vragen,
BACH,HBPEDASA,1,2,H002077,5,Bruno Vanobbergen,pedagogisch driestromenland|opvoeding|pedagogische kwestie|pedagogische relatie|pedagogische basisbegrippen|pedagogische contexten.,periodegebonden,schriftelijk examen met open vragen,schriftelijk examen met open vragen,
BACH,HBPEDASA,2,1,H001386,6,Bart Soenens|Wim Beyers|Katrijn Brenning,klassieke ontwikkelingspsychologie|ontwikkelingsfasen|ontwikkelingstheorieën|fysieke ontwikkeling|cognitieve ontwikkeling|emotionele ontwikkeling|sociale ontwikkeling,periodegebonden,schriftelijk examen met meerkeuzevragen,schriftelijk examen met meerkeuzevragen,
BACH,HBPEDASA,2,1,H001583,6,Lieselot De Wilde|Bruno Vanobbergen,historisch perspectief|historiciteit|epistemologie|pedagogisering|sociale kwestie|kolonisatie|19de en 20ste eeuw|geschiedenis van het heden|onderwijsgeschiedenis|genealogie|pedagogische theorieën en praktijken,periodegebonden|niet-periodegebonden,schriftelijk examen met open vragen|werkstuk,schriftelijk examen met open vragen|werkstuk,
BACH,HBPEDASA,2,1,H001864,5,Clara De Ruysscher|Didier Reynaert|Lore Van Damme,"ethiek|deontologie|beroepsgeheim|privacy|verantwoord pedagogisch handelen|vrijheidsbeperking|rechten van kinderen en jongeren|patiëntenrechten|kindermishandeling, radicalisering|ethiek van wetenschappelijk onderzoek",periodegebonden|niet-periodegebonden,schriftelijk examen met open vragen|schriftelijk examen met meerkeuzevragen|openboekexamen,schriftelijk examen met open vragen|schriftelijk examen met meerkeuzevragen|openboekexamen,portfolio|peer-evaluatie|verslag
BACH,HBPEDASA,2,1,H002016,6,Ilse Derluyn|Floor Verhaeghe,diversiteit|cultuur|transculturalisering|migratie|vluchtelingen|discriminatie|segregatie.,periodegebonden|niet-periodegebonden,schriftelijk examen,schriftelijk examen,werkstuk
BACH,HBPEDASA,2,2,H000474,6,Geert Devos,staalkaart van de comparatieve en internationale pedagogiek|internationale indicatoren |internationale onderwijsorganisaties|classificatie onderwijssystemen|studie onderwijssystemen|methodologie van het vergelijken,periodegebonden|niet-periodegebonden,schriftelijk examen met open vragen,schriftelijk examen met open vragen,werkstuk
BACH,HBPEDASA,2,2,H001440,6,Thierry Marchant,statistiek,periodegebonden,schriftelijk examen met meerkeuzevragen,schriftelijk examen met meerkeuzevragen,
BACH,HBPEDASA,2,2,H001464,4,Wim Derave,fysiologie|anatomie|neurofysiologie,periodegebonden,schriftelijk examen met meerkeuzevragen,schriftelijk examen met meerkeuzevragen,
BACH,HBPEDASA,2,2,H001671,5,Lieselot De Wilde,wetenschap|kennis|waarheid|ethiek|pedagogische wetenschappen|pedagogiek|methode|pedagogische stromingen|maatschappelijke problemen.,periodegebonden,schriftelijk examen met open vragen,schriftelijk examen met open vragen,
BACH,HBPEDASA,2,2,H001875,5,Sara Rowaert|Claudia Claes|Griet Roets|Hilde Van Keer,rapportage|(participatief) onderzoek|machtsrelaties in klinisch-pedagogische praktijk|kritische reflexiviteit,periodegebonden|niet-periodegebonden,schriftelijk examen|openboekexamen,schriftelijk examen|openboekexamen,portfolio
BACH,HBPEDASA,2,2,H002062,5,Michel Vandenbroeck,kinderopvang|kleuterschool..,periodegebonden|niet-periodegebonden,schriftelijk examen,schriftelijk examen,werkstuk
BACH,HBPEDASA,2,A,H001894,6,Elisabeth De Schauwer,inclusie|diversiteit|categoriaal denken|intersectionaliteit|opvoeding en onderwijs,niet-periodegebonden,participatie|werkstuk,participatie|werkstuk,participatie|werkstuk|gedragsevaluatie op de werkvloer
BACH,HBPEDASA,3,1,H000216,5,Griet Roets|Geert Vandermeersche|Geert Van Hove,onderzoeksmethodologie|interpretatie|kwalitatieve onderzoeksmethoden,niet-periodegebonden,openboekexamen|werkstuk,openboekexamen|werkstuk,
BACH,HBPEDASA,3,1,H001347,5,Herbert Roeyers|Ellen Demurie,therapeutische scholen|psychologische modellen|hulpverlening|gedragstherapie|gezinstherapie|psychodynamische therapie|person-centered therapie,periodegebonden|niet-periodegebonden,openboekexamen,openboekexamen,participatie|verslag
BACH,HBPEDASA,3,1,H001844,7,Rudi Roose|Joris De Corte|Hans Grymonprez,ocmw|centrum algemeen welzijnswerk (caw)|lokaal sociaal beleid|sociale grondrechten|vermaatschappelijking|forensisch welzijnswerk|sociaal werk op de eerste lijn,periodegebonden|niet-periodegebonden,schriftelijk examen met open vragen,schriftelijk examen met open vragen,werkstuk
BACH,HBPEDASA,3,1,H001865,5,Ine Lietaert,"internationaal sociaal werk|ontwikkelingssamenwerking|noodhulp|noord-zuid verhoudingen|ongelijkheid|sociaal werk in het zuiden|globalisering|positionaliteit,  migratie|niet- gouvernementele organisaties (ngo's)|intergouvernementele organisaties|sociaal werk met mensen met een migratie-achtergrond|social werk over grenzen heen|internationale samenwerking|racisme",periodegebonden|niet-periodegebonden,schriftelijk examen,schriftelijk examen,participatie
BACH,HBPEDASA,3,1,H001876,5,Kris Rutten,cultuur|retoriek|geletterdheid|educatie|antropologie.,periodegebonden|niet-periodegebonden,schriftelijk examen met open vragen,schriftelijk examen met open vragen,portfolio|werkstuk
BACH,HBPEDASA,3,1,H002039,5,Rudi Roose|Jochen Devlieghere,jeugdbescherming|bijzondere jeugdbijstand|verontrustende opvoedingssituatie|jeugddelinquentie|integrale jeugdhulp,periodegebonden,schriftelijk examen met open vragen,schriftelijk examen met open vragen,
BACH,HBPEDASA,3,2,H001830,5,Beatrijs Moerkerke,onderzoeksmethoden|statistiek|data-analyse,periodegebonden|niet-periodegebonden,schriftelijk examen met open vragen|schriftelijk examen met meerkeuzevragen|openboekexamen,schriftelijk examen met open vragen|schriftelijk examen met meerkeuzevragen|openboekexamen,participatie
BACH,HBPEDASA,3,2,H001845,7,Evelyne Deceur,sociaal cultureel werk|sociaal artistiek werk|buurtwerk|samenlevingsopbouw|participatie,periodegebonden,schriftelijk examen met open vragen,schriftelijk examen met open vragen,
BACH,HBPEDASA,3,2,H002212,5,Laura Van Beveren|Michel Vandenbroeck,interdisciplinariteit|multiperspectivisme|maatschappelijke problemen|duurzaamheid|scenariomethodiek,niet-periodegebonden,participatie|werkstuk,mondeling examen,werkstuk
BACH,HBPEDASA,3,J,H002082,5,Fien De Smedt|Joris De Corte|Clara De Ruysscher|Emmelien Merchie|Sara Rowaert|Hilde Van Keer,academische geletterdheid|academische zoekvaardigheden|academische leesvaardigheden|academische schrijfvaardigheden en presentatievaardigheden.,niet-periodegebonden,,,participatie|werkstuk|peer-evaluatie
BACH,HBPSYCBD,1,1,H000610,3,Nadine Van Roy|Kathleen Claes|Sabine Hellemans|Ariane Van Tongerloo,menselijke genetica|genetische aandoeningen|genetisch advies|genetisch onderzoek|chromosoom|gen|dna,periodegebonden,schriftelijk examen met meerkeuzevragen,schriftelijk examen met meerkeuzevragen,
BACH,HBPSYCBD,1,1,H000760,8,Wouter Duyck|Nicolas Dirix|Arnaud Szmalec,inleiding in de psychologie|basisbegrippen|concepten|bevindingen|methodes|determinanten van gedrag en mentale processen,periodegebonden,schriftelijk examen met meerkeuzevragen,schriftelijk examen met meerkeuzevragen,
BACH,HBPSYCBD,1,1,H002067,7,Jan De Neve,"statistiek, methodologie|data-analyse",periodegebonden|niet-periodegebonden,schriftelijk examen met meerkeuzevragen,schriftelijk examen met meerkeuzevragen,participatie
BACH,HBPSYCBD,1,1,H002085,4,Alexis Dewaele|Melissa De Smet,kwalitatief onderzoek - epistemologie – methodologie (betrouwbaarheid en validiteit) - design - analyse - rapportage,periodegebonden|niet-periodegebonden,schriftelijk examen met open vragen|schriftelijk examen met meerkeuzevragen,schriftelijk examen met open vragen|schriftelijk examen met meerkeuzevragen,participatie|werkstuk
BACH,HBPSYCBD,1,1,H002094,5,Bart Soenens|Wim Beyers|Katrijn Brenning,klassieke ontwikkelingspsychologie|ontwikkelingsfasen|ontwikkelingstheorieën|ontwikkelingspsychologische onderzoeksmethoden|fysieke ontwikkeling|cognitieve ontwikkeling|emotionele ontwikkeling|sociale ontwikkeling,periodegebonden,schriftelijk examen met meerkeuzevragen,schriftelijk examen met meerkeuzevragen,
BACH,HBPSYCBD,1,1,H002115,4,Alain Van Hiel|Arne Roets,"zelfconcept|zelfwaardering|persoonsperceptie|non-verbale communicatie|attributie,  cognitieve dissonantie|conformiteit|blinde gehoorzaamheid|aantrekkelijkheid|interpersoonlijke relaties|altruisme|helpen|agressie|rechtspsychologie|politieke psychologie",periodegebonden|niet-periodegebonden,schriftelijk examen met meerkeuzevragen|participatie,schriftelijk examen met meerkeuzevragen|participatie,participatie
BACH,HBPSYCBD,1,2,H000428,4,Filip De Fruyt|Jasmine Vergauwe,differentiële psychologie|individuele verschillen|verschillen tussen groepen,periodegebonden,schriftelijk examen met meerkeuzevragen,schriftelijk examen met meerkeuzevragen,
BACH,HBPSYCBD,1,2,H000430,3,Emiliano Acosta|Kjell Bleys,filosofie|geschiedenis,periodegebonden,schriftelijk examen met meerkeuzevragen,schriftelijk examen met meerkeuzevragen,
BACH,HBPSYCBD,1,2,H002111,4,Tom Loeys,onderzoeksmethodologie,periodegebonden|niet-periodegebonden,schriftelijk examen met meerkeuzevragen,schriftelijk examen met meerkeuzevragen,participatie
BACH,HBPSYCBD,1,2,H002112,5,Wim Derave,fysiologie|anatomie|neurofysiologie,periodegebonden,schriftelijk examen met meerkeuzevragen,schriftelijk examen met meerkeuzevragen,
BACH,HBPSYCBD,1,2,H002113,3,Katia Levecque,actor-structuur dualisme|actor|systeem|structuur|structuratie|cultuur|institutionalisering|stratificatie|sociale verandering|socialisatie|autonomie|macht|interne conversatie|social self,periodegebonden,schriftelijk examen met meerkeuzevragen,schriftelijk examen met meerkeuzevragen,
BACH,HBPSYCBD,1,2,H002114,5,Durk Talsma,experimentele psychologie|psychonomie|perceptie|aandacht|geheugen|cognitie|cognitieve controle|executieve controle|emotie|motivatie en cognitie,periodegebonden|niet-periodegebonden,schriftelijk examen met meerkeuzevragen,schriftelijk examen met meerkeuzevragen,participatie
BACH,HBPSYCBD,1,J,H002116,5,Marc Brysbaert|Muhammet Sahan,geschiedkundige en conceptuele grondslagen van de psychologie,periodegebonden|niet-periodegebonden,schriftelijk examen met meerkeuzevragen,schriftelijk examen met meerkeuzevragen,participatie
BACH,HBPSYCBD,2,1,H000959,5,Yves Rosseel,psychometrie|testtheorie|factor-analyse|cfa,periodegebonden,schriftelijk examen,schriftelijk examen,
BACH,HBPSYCBD,2,1,H001576,5,Arne Roets|Alain Van Hiel,"sociale cognitie|schema's|stereotypen|multiculturaliteit|diversiteit, attitudes, automaticiteit|'hot cognition'|groepsprocessen|sociale dilemma's|groepsconflict|duurzaamheid",periodegebonden|niet-periodegebonden,schriftelijk examen met meerkeuzevragen,schriftelijk examen met meerkeuzevragen,werkstuk
BACH,HBPSYCBD,2,1,H002100,6,Ernst Koster|Melissa De Smet,klinische psychologie|bio-psychosociaal model|medische en contextuele benadering van psychische problemen|evidence-based werken|non-specifieke factoren|gespreksvaardigheden,periodegebonden|niet-periodegebonden,schriftelijk examen,schriftelijk examen,participatie|vaardigheidstest
BACH,HBPSYCBD,2,1,H002117,5,Durk Talsma,experimentele psychologie|psychonomie|cognitie|taalpsychologie|denken en redeneren|cognitie en emotie|bewustzijn,periodegebonden,schriftelijk examen met meerkeuzevragen,schriftelijk examen met meerkeuzevragen,
BACH,HBPSYCBD,2,1,H002118,5,Janne Vanhalst|Nathalie Aelterman,hedendaagse ontwikkelingspsychologie|gedragsobservatie|gedragsinterpretatie|ontwikkelingsfasen|ontwikkelingstheorieën|internalisatie|identiteitsontwikkeling|verzet|verandering|opvoeding,periodegebonden|niet-periodegebonden,schriftelijk examen met meerkeuzevragen,schriftelijk examen met meerkeuzevragen,werkstuk
BACH,HBPSYCBD,2,2,H000358,5,Jan De Houwer|Sean Hughes,leren|habituatie|klassieke conditionering|operante conditionering|complex leren|toegepaste leerpsychologie,periodegebonden,schriftelijk examen met meerkeuzevragen,schriftelijk examen met meerkeuzevragen,
BACH,HBPSYCBD,2,2,H001010,5,Bart Wille,bedrijfspsychologie|hrm|personeelsbeleid|organisatiepsychologie|arbeidspsychologie|consumentenpsychologie,periodegebonden,schriftelijk examen met meerkeuzevragen,schriftelijk examen met meerkeuzevragen,
BACH,HBPSYCBD,2,2,H001440,6,Thierry Marchant,statistiek,periodegebonden,schriftelijk examen met meerkeuzevragen,schriftelijk examen met meerkeuzevragen,
BACH,HBPSYCBD,2,2,H002086,4,Paul Verhaeghe,identiteit|stoornis|sociale normativiteit|macht.,periodegebonden,schriftelijk examen met open vragen,schriftelijk examen met open vragen,
BACH,HBPSYCBD,2,2,H002119,6,Johnny Fontaine,betrouwbaarheid|validiteit|fairheid|testontwikkeling|testbeoordeling|intelligentie|emotionele intelligentie,periodegebonden|niet-periodegebonden,schriftelijk examen met meerkeuzevragen,schriftelijk examen met meerkeuzevragen,participatie|werkstuk
BACH,HBPSYCBD,2,2,H002125,4,Barbara De Clercq|Lize Verbeke,persoonlijkheidspsychologie persoonlijkheidspathologie persoonlijkheidsontwikkeling persoonlijkheidsmeting,periodegebonden,schriftelijk examen met meerkeuzevragen,schriftelijk examen met meerkeuzevragen,
BACH,HBPSYCBD,2,J,H002120,4,Jan De Houwer|Wim Beyers|Mattias Desmet|Sean Hughes|Emelien Joseph Lauwerier|Bart Soenens,literatuur opzoeken|refereren naar literatuur|kritisch beoordelen|schrijfvaardigheden|wetenschappelijke integriteit,niet-periodegebonden,,,vaardigheidstest
BACH,HBPSYCBD,3,1,H001525,4,Wim Fias|Jean-Philippe van Dijck,cognitieve functies|gedrag|hersenen|beeldvormingstechnieken|patiëntonderzoek,periodegebonden,schriftelijk examen met meerkeuzevragen,schriftelijk examen met meerkeuzevragen,
BACH,HBPSYCBD,3,1,H001535,5,Bruno Merlevede,bedrijfseconomie,periodegebonden,schriftelijk examen met meerkeuzevragen,schriftelijk examen met meerkeuzevragen,
BACH,HBPSYCBD,3,1,H002020,5,Bert Weijters,consumentengedrag|marktonderzoek,periodegebonden|niet-periodegebonden,schriftelijk examen,schriftelijk examen,participatie|werkstuk
BACH,HBPSYCBD,3,1,H002022,7,Petra Gelléri,gedrag in organisaties|onderzoek in organisaties|organisatiepsychologie|werkmotivatie|teams,periodegebonden|niet-periodegebonden,schriftelijk examen met meerkeuzevragen,schriftelijk examen met meerkeuzevragen,participatie|werkstuk
BACH,HBPSYCBD,3,1,H002023,7,Peter Vlerick,arbeid,periodegebonden|niet-periodegebonden,schriftelijk examen met meerkeuzevragen,schriftelijk examen met meerkeuzevragen,participatie|werkstuk
BACH,HBPSYCBD,3,1,H002150,3,Ellen Vanderhoven,digitale leeromgevingen|webgebaseerd leren en instructie|technologie-ondersteund leren en instructie|onderwijstechnologische trends|onderwijstechnologisch onderzoek,niet-periodegebonden,,,mondeling examen|participatie|werkstuk|peer-evaluatie|verslag
BACH,HBPSYCBD,3,2,H001993,4,Johnny Fontaine,cultuur|gedrag,periodegebonden,schriftelijk examen met open vragen|schriftelijk examen met meerkeuzevragen,schriftelijk examen met open vragen|schriftelijk examen met meerkeuzevragen,
BACH,HBPSYCBD,3,2,H002021,8,Bart Wille,"human resource management, personeelsbeleid|personeelsmanagement|personeelspsychologie, human capital management|job en competentiemodeling|rekrutering en employer branding|selectie en assessment|training en ontwikkeling|prestatiebeoordeling|functiewaardering en beloning|loopbaanplanning en -management",periodegebonden|niet-periodegebonden,schriftelijk examen met open vragen,schriftelijk examen met open vragen,werkstuk
BACH,HBPSYCBD,3,2,H002024,3,Barbara Briers|Wouter Duyck,oordeels - en besluitvorming|rationaliteit|heuristieken|biases|intuïtie|cognitieve fouten|prospect theorie,periodegebonden|niet-periodegebonden,schriftelijk examen met meerkeuzevragen,schriftelijk examen met meerkeuzevragen,werkstuk|verslag
BACH,HBPSYCBD,3,2,H002126,5,Beatrijs Moerkerke,onderzoeksmethoden|statistiek|data-analyse,periodegebonden|niet-periodegebonden,schriftelijk examen met open vragen|schriftelijk examen met meerkeuzevragen|openboekexamen,schriftelijk examen met open vragen|schriftelijk examen met meerkeuzevragen|openboekexamen,participatie
BACH,HBPSYCBD,3,2,H002127,4,Tom Balthazar,statuut|titelbescherming|gezondheidsrecht|privacy|beroepsgeheim|aansprakelijkheid|wetenschappelijk onderzoek,periodegebonden,schriftelijk examen met open vragen|schriftelijk examen met meerkeuzevragen|schriftelijk examen,schriftelijk examen met open vragen|schriftelijk examen met meerkeuzevragen|schriftelijk examen,
BACH,HBPSYCBD,3,2,H002152,5,Lieven De Marez,communicatietechnologie|ict|innovatie|nieuwe media,periodegebonden,schriftelijk examen met open vragen,schriftelijk examen met open vragen,
BACH,HBPSYCKL,1,1,H000610,3,Nadine Van Roy|Kathleen Claes|Sabine Hellemans|Ariane Van Tongerloo,menselijke genetica|genetische aandoeningen|genetisch advies|genetisch onderzoek|chromosoom|gen|dna,periodegebonden,schriftelijk examen met meerkeuzevragen,schriftelijk examen met meerkeuzevragen,
BACH,HBPSYCKL,1,1,H000760,8,Wouter Duyck|Nicolas Dirix|Arnaud Szmalec,inleiding in de psychologie|basisbegrippen|concepten|bevindingen|methodes|determinanten van gedrag en mentale processen,periodegebonden,schriftelijk examen met meerkeuzevragen,schriftelijk examen met meerkeuzevragen,
BACH,HBPSYCKL,1,1,H002067,7,Jan De Neve,"statistiek, methodologie|data-analyse",periodegebonden|niet-periodegebonden,schriftelijk examen met meerkeuzevragen,schriftelijk examen met meerkeuzevragen,participatie
BACH,HBPSYCKL,1,1,H002085,4,Alexis Dewaele|Melissa De Smet,kwalitatief onderzoek - epistemologie – methodologie (betrouwbaarheid en validiteit) - design - analyse - rapportage,periodegebonden|niet-periodegebonden,schriftelijk examen met open vragen|schriftelijk examen met meerkeuzevragen,schriftelijk examen met open vragen|schriftelijk examen met meerkeuzevragen,participatie|werkstuk
BACH,HBPSYCKL,1,1,H002094,5,Bart Soenens|Wim Beyers|Katrijn Brenning,klassieke ontwikkelingspsychologie|ontwikkelingsfasen|ontwikkelingstheorieën|ontwikkelingspsychologische onderzoeksmethoden|fysieke ontwikkeling|cognitieve ontwikkeling|emotionele ontwikkeling|sociale ontwikkeling,periodegebonden,schriftelijk examen met meerkeuzevragen,schriftelijk examen met meerkeuzevragen,
BACH,HBPSYCKL,1,1,H002115,4,Alain Van Hiel|Arne Roets,"zelfconcept|zelfwaardering|persoonsperceptie|non-verbale communicatie|attributie,  cognitieve dissonantie|conformiteit|blinde gehoorzaamheid|aantrekkelijkheid|interpersoonlijke relaties|altruisme|helpen|agressie|rechtspsychologie|politieke psychologie",periodegebonden|niet-periodegebonden,schriftelijk examen met meerkeuzevragen|participatie,schriftelijk examen met meerkeuzevragen|participatie,participatie
BACH,HBPSYCKL,1,2,H000428,4,Filip De Fruyt|Jasmine Vergauwe,differentiële psychologie|individuele verschillen|verschillen tussen groepen,periodegebonden,schriftelijk examen met meerkeuzevragen,schriftelijk examen met meerkeuzevragen,
BACH,HBPSYCKL,1,2,H000430,3,Emiliano Acosta|Kjell Bleys,filosofie|geschiedenis,periodegebonden,schriftelijk examen met meerkeuzevragen,schriftelijk examen met meerkeuzevragen,
BACH,HBPSYCKL,1,2,H002111,4,Tom Loeys,onderzoeksmethodologie,periodegebonden|niet-periodegebonden,schriftelijk examen met meerkeuzevragen,schriftelijk examen met meerkeuzevragen,participatie
BACH,HBPSYCKL,1,2,H002112,5,Wim Derave,fysiologie|anatomie|neurofysiologie,periodegebonden,schriftelijk examen met meerkeuzevragen,schriftelijk examen met meerkeuzevragen,
BACH,HBPSYCKL,1,2,H002113,3,Katia Levecque,actor-structuur dualisme|actor|systeem|structuur|structuratie|cultuur|institutionalisering|stratificatie|sociale verandering|socialisatie|autonomie|macht|interne conversatie|social self,periodegebonden,schriftelijk examen met meerkeuzevragen,schriftelijk examen met meerkeuzevragen,
BACH,HBPSYCKL,1,2,H002114,5,Durk Talsma,experimentele psychologie|psychonomie|perceptie|aandacht|geheugen|cognitie|cognitieve controle|executieve controle|emotie|motivatie en cognitie,periodegebonden|niet-periodegebonden,schriftelijk examen met meerkeuzevragen,schriftelijk examen met meerkeuzevragen,participatie
BACH,HBPSYCKL,1,J,H002116,5,Marc Brysbaert|Muhammet Sahan,geschiedkundige en conceptuele grondslagen van de psychologie,periodegebonden|niet-periodegebonden,schriftelijk examen met meerkeuzevragen,schriftelijk examen met meerkeuzevragen,participatie
BACH,HBPSYCKL,2,1,H000959,5,Yves Rosseel,psychometrie|testtheorie|factor-analyse|cfa,periodegebonden,schriftelijk examen,schriftelijk examen,
BACH,HBPSYCKL,2,1,H001576,5,Arne Roets|Alain Van Hiel,"sociale cognitie|schema's|stereotypen|multiculturaliteit|diversiteit, attitudes, automaticiteit|'hot cognition'|groepsprocessen|sociale dilemma's|groepsconflict|duurzaamheid",periodegebonden|niet-periodegebonden,schriftelijk examen met meerkeuzevragen,schriftelijk examen met meerkeuzevragen,werkstuk
BACH,HBPSYCKL,2,1,H002100,6,Ernst Koster|Melissa De Smet,klinische psychologie|bio-psychosociaal model|medische en contextuele benadering van psychische problemen|evidence-based werken|non-specifieke factoren|gespreksvaardigheden,periodegebonden|niet-periodegebonden,schriftelijk examen,schriftelijk examen,participatie|vaardigheidstest
BACH,HBPSYCKL,2,1,H002117,5,Durk Talsma,experimentele psychologie|psychonomie|cognitie|taalpsychologie|denken en redeneren|cognitie en emotie|bewustzijn,periodegebonden,schriftelijk examen met meerkeuzevragen,schriftelijk examen met meerkeuzevragen,
BACH,HBPSYCKL,2,1,H002118,5,Janne Vanhalst|Nathalie Aelterman,hedendaagse ontwikkelingspsychologie|gedragsobservatie|gedragsinterpretatie|ontwikkelingsfasen|ontwikkelingstheorieën|internalisatie|identiteitsontwikkeling|verzet|verandering|opvoeding,periodegebonden|niet-periodegebonden,schriftelijk examen met meerkeuzevragen,schriftelijk examen met meerkeuzevragen,werkstuk
BACH,HBPSYCKL,2,2,H000358,5,Jan De Houwer|Sean Hughes,leren|habituatie|klassieke conditionering|operante conditionering|complex leren|toegepaste leerpsychologie,periodegebonden,schriftelijk examen met meerkeuzevragen,schriftelijk examen met meerkeuzevragen,
BACH,HBPSYCKL,2,2,H001010,5,Bart Wille,bedrijfspsychologie|hrm|personeelsbeleid|organisatiepsychologie|arbeidspsychologie|consumentenpsychologie,periodegebonden,schriftelijk examen met meerkeuzevragen,schriftelijk examen met meerkeuzevragen,
BACH,HBPSYCKL,2,2,H001440,6,Thierry Marchant,statistiek,periodegebonden,schriftelijk examen met meerkeuzevragen,schriftelijk examen met meerkeuzevragen,
BACH,HBPSYCKL,2,2,H002086,4,Paul Verhaeghe,identiteit|stoornis|sociale normativiteit|macht.,periodegebonden,schriftelijk examen met open vragen,schriftelijk examen met open vragen,
BACH,HBPSYCKL,2,2,H002119,6,Johnny Fontaine,betrouwbaarheid|validiteit|fairheid|testontwikkeling|testbeoordeling|intelligentie|emotionele intelligentie,periodegebonden|niet-periodegebonden,schriftelijk examen met meerkeuzevragen,schriftelijk examen met meerkeuzevragen,participatie|werkstuk
BACH,HBPSYCKL,2,2,H002125,4,Barbara De Clercq|Lize Verbeke,persoonlijkheidspsychologie persoonlijkheidspathologie persoonlijkheidsontwikkeling persoonlijkheidsmeting,periodegebonden,schriftelijk examen met meerkeuzevragen,schriftelijk examen met meerkeuzevragen,
BACH,HBPSYCKL,2,J,H002120,4,Jan De Houwer|Wim Beyers|Mattias Desmet|Sean Hughes|Emelien Joseph Lauwerier|Bart Soenens,literatuur opzoeken|refereren naar literatuur|kritisch beoordelen|schrijfvaardigheden|wetenschappelijke integriteit,niet-periodegebonden,,,vaardigheidstest
BACH,HBPSYCKL,3,1,H001525,4,Wim Fias|Jean-Philippe van Dijck,cognitieve functies|gedrag|hersenen|beeldvormingstechnieken|patiëntonderzoek,periodegebonden,schriftelijk examen met meerkeuzevragen,schriftelijk examen met meerkeuzevragen,
BACH,HBPSYCKL,3,1,H002087,4,Stijn Vanheule,psychoanalyse|psychodynamisch kader|onbewuste|drift|overdracht|genot|structuur.,periodegebonden|niet-periodegebonden,schriftelijk examen met open vragen,schriftelijk examen met open vragen,werkstuk
BACH,HBPSYCKL,3,1,H002091,3,Caroline Braet|Inez Buyck|Leentje Vervoort,biopsychosociaal model|klinische psychologie|multiperspectivisme|integratie,niet-periodegebonden,,,portfolio|participatie|werkstuk
BACH,HBPSYCKL,3,1,H002093,4,Sandra Verbeken|Wim De Mey|Leentje Vervoort,psychopathologie|ontwikkeling|modellen|kind|adolescent.,periodegebonden|niet-periodegebonden,schriftelijk examen met open vragen,schriftelijk examen met open vragen,participatie|werkstuk
BACH,HBPSYCKL,3,1,H002097,4,Luc Van den Berge,persoon-context interacties,periodegebonden|niet-periodegebonden,schriftelijk examen met open vragen|participatie|werkstuk,schriftelijk examen met open vragen|werkstuk,
BACH,HBPSYCKL,3,1,H002099,4,Geert Crombez|Stefaan Van Damme,gezondheid|gezondheidspromotie|gedragsveranderingstechnieken|zelf-regulatie|self- management|ziekte|ziektegedrag|klinische gezondheidsproblemen.,periodegebonden|niet-periodegebonden,schriftelijk examen met open vragen|schriftelijk examen met meerkeuzevragen,schriftelijk examen met open vragen|schriftelijk examen met meerkeuzevragen,participatie|verslag
BACH,HBPSYCKL,3,1,H002101,4,Ernst Koster|Jonas Everaert|Kristof Hoorelbeke,experimentele psychopathologie|klinisch psychologische praktijk|evidence-based praktijk|scientific-practitioner|angst|depressie|psychose|verslaving,periodegebonden|niet-periodegebonden,schriftelijk examen met open vragen,schriftelijk examen met open vragen,participatie|werkstuk|peer-evaluatie
BACH,HBPSYCKL,3,1,H002130,4,Wim Beyers|Bart Soenens,methodes en modellen in de ontwikkelingspsychologie|levenslooponderzoek|gehechtheidsonderzoek met kleuters|gezinsonderzoek met adolescenten|liefdesrelaties in de adolescentie en jongvolwassenheid|onderzoek over cognitieve ontwikkeling en veroudering,periodegebonden,schriftelijk examen met open vragen|schriftelijk examen met meerkeuzevragen,schriftelijk examen met open vragen|schriftelijk examen met meerkeuzevragen,
BACH,HBPSYCKL,3,2,H000990,4,Koen Paemeleire,ziektebeelden|oorzaken|mechanismes|klinische manifestaties|therapie|gezondheidspromotie,periodegebonden,schriftelijk examen met meerkeuzevragen,schriftelijk examen met meerkeuzevragen,
BACH,HBPSYCKL,3,2,H001992,4,Gilles Pourtois,neurobiologie|experimentele psychopathologie|affectieve stoornissen|neurowetenschappelijke methoden,periodegebonden,schriftelijk examen met open vragen,schriftelijk examen met open vragen,
BACH,HBPSYCKL,3,2,H002084,4,Reitske Meganck|Alexis Dewaele,epistemologische grondslagen van kwalitatief onderzoek|het proces van kwalitatief onderzoek|methoden om kwalitatieve data te verzamelen|methoden om kwalitatieve data te analyseren|kwaliteitscontrole in kwalitatief onderzoek.,periodegebonden|niet-periodegebonden,openboekexamen,openboekexamen,participatie|werkstuk
BACH,HBPSYCKL,3,2,H002089,3,Stijn Vanheule,chroniciteit|destabilisering en stabilisering|herstel|veerkracht|emancipatie|empowerment|rehabilitatie|psychose|verslaving.,periodegebonden|niet-periodegebonden,schriftelijk examen met open vragen,schriftelijk examen met open vragen,werkstuk
BACH,HBPSYCKL,3,2,H002103,3,Stefaan Van Damme,zelfregulatie|motiverende gespreksvoering|zelfmanagement|gedragsveranderingstechnieken|gezondheidsproblemen|eerstelijnszorg,periodegebonden|niet-periodegebonden,schriftelijk examen met open vragen,schriftelijk examen met open vragen,participatie|werkstuk|simulatie
BACH,HBPSYCKL,3,2,H002108,4,Stijn Vanheule|Ernst Koster,assessment|diagnostiek|ethiek|empirische cyclus,periodegebonden,schriftelijk examen met open vragen,schriftelijk examen met open vragen,
BACH,HBPSYCKL,3,2,H002109,3,Stijn Vanheule|Kristof Hoorelbeke,diagnostisch interview|diagnostische observatie|diagnostische test|diagnostisch verslag|casusformulering.,niet-periodegebonden,,,participatie|vaardigheidstest|peer-evaluatie|verslag
BACH,HBPSYCKL,3,2,H002126,5,Beatrijs Moerkerke,onderzoeksmethoden|statistiek|data-analyse,periodegebonden|niet-periodegebonden,schriftelijk examen met open vragen|schriftelijk examen met meerkeuzevragen|openboekexamen,schriftelijk examen met open vragen|schriftelijk examen met meerkeuzevragen|openboekexamen,participatie
BACH,HBPSYCKL,3,2,H002127,4,Tom Balthazar,statuut|titelbescherming|gezondheidsrecht|privacy|beroepsgeheim|aansprakelijkheid|wetenschappelijk onderzoek,periodegebonden,schriftelijk examen met open vragen|schriftelijk examen met meerkeuzevragen|schriftelijk examen,schriftelijk examen met open vragen|schriftelijk examen met meerkeuzevragen|schriftelijk examen,
BACH,HBPSYCKL,3,2,H002162,4,Guy Vingerhoets|Helena Verhelst,neuropsychologie|neuropsychologische diagnostiek|cognitieve stoornissen|hersenletsel,periodegebonden|niet-periodegebonden,schriftelijk examen met meerkeuzevragen,schriftelijk examen met meerkeuzevragen,werkstuk
BACH,HBPSYCKL,3,J,H002178,3,Janne Vanhalst|Barbara De Clercq|Mattias Desmet|Maarten Vansteenkiste|Tine Vervoort,professionele ontwikkeling|reflectie|oriëntatie,niet-periodegebonden,,,portfolio|participatie|werkstuk|gedragsevaluatie op de werkvloer|verslag
BACH,HBPSYCON,1,1,H000610,3,Nadine Van Roy|Kathleen Claes|Sabine Hellemans|Ariane Van Tongerloo,menselijke genetica|genetische aandoeningen|genetisch advies|genetisch onderzoek|chromosoom|gen|dna,periodegebonden,schriftelijk examen met meerkeuzevragen,schriftelijk examen met meerkeuzevragen,
BACH,HBPSYCON,1,1,H000760,8,Wouter Duyck|Nicolas Dirix|Arnaud Szmalec,inleiding in de psychologie|basisbegrippen|concepten|bevindingen|methodes|determinanten van gedrag en mentale processen,periodegebonden,schriftelijk examen met meerkeuzevragen,schriftelijk examen met meerkeuzevragen,
BACH,HBPSYCON,1,1,H002067,7,Jan De Neve,"statistiek, methodologie|data-analyse",periodegebonden|niet-periodegebonden,schriftelijk examen met meerkeuzevragen,schriftelijk examen met meerkeuzevragen,participatie
BACH,HBPSYCON,1,1,H002085,4,Alexis Dewaele|Melissa De Smet,kwalitatief onderzoek - epistemologie – methodologie (betrouwbaarheid en validiteit) - design - analyse - rapportage,periodegebonden|niet-periodegebonden,schriftelijk examen met open vragen|schriftelijk examen met meerkeuzevragen,schriftelijk examen met open vragen|schriftelijk examen met meerkeuzevragen,participatie|werkstuk
BACH,HBPSYCON,1,1,H002094,5,Bart Soenens|Wim Beyers|Katrijn Brenning,klassieke ontwikkelingspsychologie|ontwikkelingsfasen|ontwikkelingstheorieën|ontwikkelingspsychologische onderzoeksmethoden|fysieke ontwikkeling|cognitieve ontwikkeling|emotionele ontwikkeling|sociale ontwikkeling,periodegebonden,schriftelijk examen met meerkeuzevragen,schriftelijk examen met meerkeuzevragen,
BACH,HBPSYCON,1,1,H002115,4,Alain Van Hiel|Arne Roets,"zelfconcept|zelfwaardering|persoonsperceptie|non-verbale communicatie|attributie,  cognitieve dissonantie|conformiteit|blinde gehoorzaamheid|aantrekkelijkheid|interpersoonlijke relaties|altruisme|helpen|agressie|rechtspsychologie|politieke psychologie",periodegebonden|niet-periodegebonden,schriftelijk examen met meerkeuzevragen|participatie,schriftelijk examen met meerkeuzevragen|participatie,participatie
BACH,HBPSYCON,1,2,H000428,4,Filip De Fruyt|Jasmine Vergauwe,differentiële psychologie|individuele verschillen|verschillen tussen groepen,periodegebonden,schriftelijk examen met meerkeuzevragen,schriftelijk examen met meerkeuzevragen,
BACH,HBPSYCON,1,2,H000430,3,Emiliano Acosta|Kjell Bleys,filosofie|geschiedenis,periodegebonden,schriftelijk examen met meerkeuzevragen,schriftelijk examen met meerkeuzevragen,
BACH,HBPSYCON,1,2,H002111,4,Tom Loeys,onderzoeksmethodologie,periodegebonden|niet-periodegebonden,schriftelijk examen met meerkeuzevragen,schriftelijk examen met meerkeuzevragen,participatie
BACH,HBPSYCON,1,2,H002112,5,Wim Derave,fysiologie|anatomie|neurofysiologie,periodegebonden,schriftelijk examen met meerkeuzevragen,schriftelijk examen met meerkeuzevragen,
BACH,HBPSYCON,1,2,H002113,3,Katia Levecque,actor-structuur dualisme|actor|systeem|structuur|structuratie|cultuur|institutionalisering|stratificatie|sociale verandering|socialisatie|autonomie|macht|interne conversatie|social self,periodegebonden,schriftelijk examen met meerkeuzevragen,schriftelijk examen met meerkeuzevragen,
BACH,HBPSYCON,1,2,H002114,5,Durk Talsma,experimentele psychologie|psychonomie|perceptie|aandacht|geheugen|cognitie|cognitieve controle|executieve controle|emotie|motivatie en cognitie,periodegebonden|niet-periodegebonden,schriftelijk examen met meerkeuzevragen,schriftelijk examen met meerkeuzevragen,participatie
BACH,HBPSYCON,1,J,H002116,5,Marc Brysbaert|Muhammet Sahan,geschiedkundige en conceptuele grondslagen van de psychologie,periodegebonden|niet-periodegebonden,schriftelijk examen met meerkeuzevragen,schriftelijk examen met meerkeuzevragen,participatie
BACH,HBPSYCON,2,1,H000959,5,Yves Rosseel,psychometrie|testtheorie|factor-analyse|cfa,periodegebonden,schriftelijk examen,schriftelijk examen,
BACH,HBPSYCON,2,1,H001576,5,Arne Roets|Alain Van Hiel,"sociale cognitie|schema's|stereotypen|multiculturaliteit|diversiteit, attitudes, automaticiteit|'hot cognition'|groepsprocessen|sociale dilemma's|groepsconflict|duurzaamheid",periodegebonden|niet-periodegebonden,schriftelijk examen met meerkeuzevragen,schriftelijk examen met meerkeuzevragen,werkstuk
BACH,HBPSYCON,2,1,H002100,6,Ernst Koster|Melissa De Smet,klinische psychologie|bio-psychosociaal model|medische en contextuele benadering van psychische problemen|evidence-based werken|non-specifieke factoren|gespreksvaardigheden,periodegebonden|niet-periodegebonden,schriftelijk examen,schriftelijk examen,participatie|vaardigheidstest
BACH,HBPSYCON,2,1,H002117,5,Durk Talsma,experimentele psychologie|psychonomie|cognitie|taalpsychologie|denken en redeneren|cognitie en emotie|bewustzijn,periodegebonden,schriftelijk examen met meerkeuzevragen,schriftelijk examen met meerkeuzevragen,
BACH,HBPSYCON,2,1,H002118,5,Janne Vanhalst|Nathalie Aelterman,hedendaagse ontwikkelingspsychologie|gedragsobservatie|gedragsinterpretatie|ontwikkelingsfasen|ontwikkelingstheorieën|internalisatie|identiteitsontwikkeling|verzet|verandering|opvoeding,periodegebonden|niet-periodegebonden,schriftelijk examen met meerkeuzevragen,schriftelijk examen met meerkeuzevragen,werkstuk
BACH,HBPSYCON,2,2,H000358,5,Jan De Houwer|Sean Hughes,leren|habituatie|klassieke conditionering|operante conditionering|complex leren|toegepaste leerpsychologie,periodegebonden,schriftelijk examen met meerkeuzevragen,schriftelijk examen met meerkeuzevragen,
BACH,HBPSYCON,2,2,H001010,5,Bart Wille,bedrijfspsychologie|hrm|personeelsbeleid|organisatiepsychologie|arbeidspsychologie|consumentenpsychologie,periodegebonden,schriftelijk examen met meerkeuzevragen,schriftelijk examen met meerkeuzevragen,
BACH,HBPSYCON,2,2,H001440,6,Thierry Marchant,statistiek,periodegebonden,schriftelijk examen met meerkeuzevragen,schriftelijk examen met meerkeuzevragen,
BACH,HBPSYCON,2,2,H002086,4,Paul Verhaeghe,identiteit|stoornis|sociale normativiteit|macht.,periodegebonden,schriftelijk examen met open vragen,schriftelijk examen met open vragen,
BACH,HBPSYCON,2,2,H002119,6,Johnny Fontaine,betrouwbaarheid|validiteit|fairheid|testontwikkeling|testbeoordeling|intelligentie|emotionele intelligentie,periodegebonden|niet-periodegebonden,schriftelijk examen met meerkeuzevragen,schriftelijk examen met meerkeuzevragen,participatie|werkstuk
BACH,HBPSYCON,2,2,H002125,4,Barbara De Clercq|Lize Verbeke,persoonlijkheidspsychologie persoonlijkheidspathologie persoonlijkheidsontwikkeling persoonlijkheidsmeting,periodegebonden,schriftelijk examen met meerkeuzevragen,schriftelijk examen met meerkeuzevragen,
BACH,HBPSYCON,2,J,H002120,4,Jan De Houwer|Wim Beyers|Mattias Desmet|Sean Hughes|Emelien Joseph Lauwerier|Bart Soenens,literatuur opzoeken|refereren naar literatuur|kritisch beoordelen|schrijfvaardigheden|wetenschappelijke integriteit,niet-periodegebonden,,,vaardigheidstest
BACH,HBPSYCON,3,1,H000107,5,Gilles Pourtois|Yannick Boddez,cognitie|emotie|experimentele psychologie|appraisal|actietendensen|emotionele beleving|gelaatsexpressies|emotieregulatie|basisemoties|aandachtsvertekeningen|oordelen|acties|beslissingen|motivatie.,periodegebonden,schriftelijk examen met open vragen,schriftelijk examen met open vragen,
BACH,HBPSYCON,3,1,H001525,4,Wim Fias|Jean-Philippe van Dijck,cognitieve functies|gedrag|hersenen|beeldvormingstechnieken|patiëntonderzoek,periodegebonden,schriftelijk examen met meerkeuzevragen,schriftelijk examen met meerkeuzevragen,
BACH,HBPSYCON,3,1,H001894,6,Elisabeth De Schauwer,inclusie|diversiteit|categoriaal denken|intersectionaliteit|opvoeding en onderwijs,niet-periodegebonden,participatie|werkstuk,participatie|werkstuk,participatie|werkstuk|gedragsevaluatie op de werkvloer
BACH,HBPSYCON,3,1,H002130,4,Wim Beyers|Bart Soenens,methodes en modellen in de ontwikkelingspsychologie|levenslooponderzoek|gehechtheidsonderzoek met kleuters|gezinsonderzoek met adolescenten|liefdesrelaties in de adolescentie en jongvolwassenheid|onderzoek over cognitieve ontwikkeling en veroudering,periodegebonden,schriftelijk examen met open vragen|schriftelijk examen met meerkeuzevragen,schriftelijk examen met open vragen|schriftelijk examen met meerkeuzevragen,
BACH,HBPSYCON,3,1,H002150,3,Ellen Vanderhoven,digitale leeromgevingen|webgebaseerd leren en instructie|technologie-ondersteund leren en instructie|onderwijstechnologische trends|onderwijstechnologisch onderzoek,niet-periodegebonden,,,mondeling examen|participatie|werkstuk|peer-evaluatie|verslag
BACH,HBPSYCON,3,1,H002169,6,Bram De Wever|Tammy Schellens|Martin Valcke|Michiel Voet,didactiek|visies op leren en onderwijzen|onderwijskundig referentiekader|werkvormen|toetsing en evaluatie|individuele verschillen,periodegebonden|niet-periodegebonden,schriftelijk examen met meerkeuzevragen,schriftelijk examen met meerkeuzevragen,werkstuk
BACH,HBPSYCON,3,1,H002232,6,Tammy Schellens|Ruben Vanderlinde,professionaliteitsopvattingen|beroepsprofiel voor leraren|opleidingsparadigma’s|teacher thinking onderzoek|reflectieve paradigma|klassenmanagement|micro-teaching,niet-periodegebonden,,,portfolio|participatie
BACH,HBPSYCON,3,2,H000124,5,Annemie Desoete|Petra Warreyn,lezen|spellen|rekenen|leerstoornissen|dyslexie|dysorthografie|dyscalculie|detectie|assessment|remediëren|sticordi/redelijke aanpassingen|psychoeducatie|universeel ontwerp voor leren (universal design for learning - udl)|m-decreet|zorgcontinuüm|comorbiditeit,periodegebonden|niet-periodegebonden,schriftelijk examen,schriftelijk examen,participatie|werkstuk|peer-evaluatie|verslag
BACH,HBPSYCON,3,2,H001993,4,Johnny Fontaine,cultuur|gedrag,periodegebonden,schriftelijk examen met open vragen|schriftelijk examen met meerkeuzevragen,schriftelijk examen met open vragen|schriftelijk examen met meerkeuzevragen,
BACH,HBPSYCON,3,2,H002126,5,Beatrijs Moerkerke,onderzoeksmethoden|statistiek|data-analyse,periodegebonden|niet-periodegebonden,schriftelijk examen met open vragen|schriftelijk examen met meerkeuzevragen|openboekexamen,schriftelijk examen met open vragen|schriftelijk examen met meerkeuzevragen|openboekexamen,participatie
BACH,HBPSYCON,3,2,H002127,4,Tom Balthazar,statuut|titelbescherming|gezondheidsrecht|privacy|beroepsgeheim|aansprakelijkheid|wetenschappelijk onderzoek,periodegebonden,schriftelijk examen met open vragen|schriftelijk examen met meerkeuzevragen|schriftelijk examen,schriftelijk examen met open vragen|schriftelijk examen met meerkeuzevragen|schriftelijk examen,
BACH,HBPSYCON,3,2,H002152,5,Lieven De Marez,communicatietechnologie|ict|innovatie|nieuwe media,periodegebonden,schriftelijk examen met open vragen,schriftelijk examen met open vragen,
BACH,HBPSYCON,3,J,H002188,3,Tijs Rotsaert|Mieke Messeman|Bram Roose|Katy Van der Mispel,oriënteren|stage|feedback|assessment|coaching,niet-periodegebonden,,,portfolio|participatie|gedragsevaluatie op de werkvloer
BACH,HBPSYCTH,1,1,H000610,3,Nadine Van Roy|Kathleen Claes|Sabine Hellemans|Ariane Van Tongerloo,menselijke genetica|genetische aandoeningen|genetisch advies|genetisch onderzoek|chromosoom|gen|dna,periodegebonden,schriftelijk examen met meerkeuzevragen,schriftelijk examen met meerkeuzevragen,
BACH,HBPSYCTH,1,1,H000760,8,Wouter Duyck|Nicolas Dirix|Arnaud Szmalec,inleiding in de psychologie|basisbegrippen|concepten|bevindingen|methodes|determinanten van gedrag en mentale processen,periodegebonden,schriftelijk examen met meerkeuzevragen,schriftelijk examen met meerkeuzevragen,
BACH,HBPSYCTH,1,1,H002067,7,Jan De Neve,"statistiek, methodologie|data-analyse",periodegebonden|niet-periodegebonden,schriftelijk examen met meerkeuzevragen,schriftelijk examen met meerkeuzevragen,participatie
BACH,HBPSYCTH,1,1,H002085,4,Alexis Dewaele|Melissa De Smet,kwalitatief onderzoek - epistemologie – methodologie (betrouwbaarheid en validiteit) - design - analyse - rapportage,periodegebonden|niet-periodegebonden,schriftelijk examen met open vragen|schriftelijk examen met meerkeuzevragen,schriftelijk examen met open vragen|schriftelijk examen met meerkeuzevragen,participatie|werkstuk
BACH,HBPSYCTH,1,1,H002094,5,Bart Soenens|Wim Beyers|Katrijn Brenning,klassieke ontwikkelingspsychologie|ontwikkelingsfasen|ontwikkelingstheorieën|ontwikkelingspsychologische onderzoeksmethoden|fysieke ontwikkeling|cognitieve ontwikkeling|emotionele ontwikkeling|sociale ontwikkeling,periodegebonden,schriftelijk examen met meerkeuzevragen,schriftelijk examen met meerkeuzevragen,
BACH,HBPSYCTH,1,1,H002115,4,Alain Van Hiel|Arne Roets,"zelfconcept|zelfwaardering|persoonsperceptie|non-verbale communicatie|attributie,  cognitieve dissonantie|conformiteit|blinde gehoorzaamheid|aantrekkelijkheid|interpersoonlijke relaties|altruisme|helpen|agressie|rechtspsychologie|politieke psychologie",periodegebonden|niet-periodegebonden,schriftelijk examen met meerkeuzevragen|participatie,schriftelijk examen met meerkeuzevragen|participatie,participatie
BACH,HBPSYCTH,1,2,H000428,4,Filip De Fruyt|Jasmine Vergauwe,differentiële psychologie|individuele verschillen|verschillen tussen groepen,periodegebonden,schriftelijk examen met meerkeuzevragen,schriftelijk examen met meerkeuzevragen,
BACH,HBPSYCTH,1,2,H000430,3,Emiliano Acosta|Kjell Bleys,filosofie|geschiedenis,periodegebonden,schriftelijk examen met meerkeuzevragen,schriftelijk examen met meerkeuzevragen,
BACH,HBPSYCTH,1,2,H002111,4,Tom Loeys,onderzoeksmethodologie,periodegebonden|niet-periodegebonden,schriftelijk examen met meerkeuzevragen,schriftelijk examen met meerkeuzevragen,participatie
BACH,HBPSYCTH,1,2,H002112,5,Wim Derave,fysiologie|anatomie|neurofysiologie,periodegebonden,schriftelijk examen met meerkeuzevragen,schriftelijk examen met meerkeuzevragen,
BACH,HBPSYCTH,1,2,H002113,3,Katia Levecque,actor-structuur dualisme|actor|systeem|structuur|structuratie|cultuur|institutionalisering|stratificatie|sociale verandering|socialisatie|autonomie|macht|interne conversatie|social self,periodegebonden,schriftelijk examen met meerkeuzevragen,schriftelijk examen met meerkeuzevragen,
BACH,HBPSYCTH,1,2,H002114,5,Durk Talsma,experimentele psychologie|psychonomie|perceptie|aandacht|geheugen|cognitie|cognitieve controle|executieve controle|emotie|motivatie en cognitie,periodegebonden|niet-periodegebonden,schriftelijk examen met meerkeuzevragen,schriftelijk examen met meerkeuzevragen,participatie
BACH,HBPSYCTH,1,J,H002116,5,Marc Brysbaert|Muhammet Sahan,geschiedkundige en conceptuele grondslagen van de psychologie,periodegebonden|niet-periodegebonden,schriftelijk examen met meerkeuzevragen,schriftelijk examen met meerkeuzevragen,participatie
BACH,HBPSYCTH,2,1,H000959,5,Yves Rosseel,psychometrie|testtheorie|factor-analyse|cfa,periodegebonden,schriftelijk examen,schriftelijk examen,
BACH,HBPSYCTH,2,1,H001576,5,Arne Roets|Alain Van Hiel,"sociale cognitie|schema's|stereotypen|multiculturaliteit|diversiteit, attitudes, automaticiteit|'hot cognition'|groepsprocessen|sociale dilemma's|groepsconflict|duurzaamheid",periodegebonden|niet-periodegebonden,schriftelijk examen met meerkeuzevragen,schriftelijk examen met meerkeuzevragen,werkstuk
BACH,HBPSYCTH,2,1,H002100,6,Ernst Koster|Melissa De Smet,klinische psychologie|bio-psychosociaal model|medische en contextuele benadering van psychische problemen|evidence-based werken|non-specifieke factoren|gespreksvaardigheden,periodegebonden|niet-periodegebonden,schriftelijk examen,schriftelijk examen,participatie|vaardigheidstest
BACH,HBPSYCTH,2,1,H002117,5,Durk Talsma,experimentele psychologie|psychonomie|cognitie|taalpsychologie|denken en redeneren|cognitie en emotie|bewustzijn,periodegebonden,schriftelijk examen met meerkeuzevragen,schriftelijk examen met meerkeuzevragen,
BACH,HBPSYCTH,2,1,H002118,5,Janne Vanhalst|Nathalie Aelterman,hedendaagse ontwikkelingspsychologie|gedragsobservatie|gedragsinterpretatie|ontwikkelingsfasen|ontwikkelingstheorieën|internalisatie|identiteitsontwikkeling|verzet|verandering|opvoeding,periodegebonden|niet-periodegebonden,schriftelijk examen met meerkeuzevragen,schriftelijk examen met meerkeuzevragen,werkstuk
BACH,HBPSYCTH,2,2,H000358,5,Jan De Houwer|Sean Hughes,leren|habituatie|klassieke conditionering|operante conditionering|complex leren|toegepaste leerpsychologie,periodegebonden,schriftelijk examen met meerkeuzevragen,schriftelijk examen met meerkeuzevragen,
BACH,HBPSYCTH,2,2,H001010,5,Bart Wille,bedrijfspsychologie|hrm|personeelsbeleid|organisatiepsychologie|arbeidspsychologie|consumentenpsychologie,periodegebonden,schriftelijk examen met meerkeuzevragen,schriftelijk examen met meerkeuzevragen,
BACH,HBPSYCTH,2,2,H001440,6,Thierry Marchant,statistiek,periodegebonden,schriftelijk examen met meerkeuzevragen,schriftelijk examen met meerkeuzevragen,
BACH,HBPSYCTH,2,2,H002086,4,Paul Verhaeghe,identiteit|stoornis|sociale normativiteit|macht.,periodegebonden,schriftelijk examen met open vragen,schriftelijk examen met open vragen,
BACH,HBPSYCTH,2,2,H002119,6,Johnny Fontaine,betrouwbaarheid|validiteit|fairheid|testontwikkeling|testbeoordeling|intelligentie|emotionele intelligentie,periodegebonden|niet-periodegebonden,schriftelijk examen met meerkeuzevragen,schriftelijk examen met meerkeuzevragen,participatie|werkstuk
BACH,HBPSYCTH,2,2,H002125,4,Barbara De Clercq|Lize Verbeke,persoonlijkheidspsychologie persoonlijkheidspathologie persoonlijkheidsontwikkeling persoonlijkheidsmeting,periodegebonden,schriftelijk examen met meerkeuzevragen,schriftelijk examen met meerkeuzevragen,
BACH,HBPSYCTH,2,J,H002120,4,Jan De Houwer|Wim Beyers|Mattias Desmet|Sean Hughes|Emelien Joseph Lauwerier|Bart Soenens,literatuur opzoeken|refereren naar literatuur|kritisch beoordelen|schrijfvaardigheden|wetenschappelijke integriteit,niet-periodegebonden,,,vaardigheidstest
BACH,HBPSYCTH,3,1,H000107,5,Gilles Pourtois|Yannick Boddez,cognitie|emotie|experimentele psychologie|appraisal|actietendensen|emotionele beleving|gelaatsexpressies|emotieregulatie|basisemoties|aandachtsvertekeningen|oordelen|acties|beslissingen|motivatie.,periodegebonden,schriftelijk examen met open vragen,schriftelijk examen met open vragen,
BACH,HBPSYCTH,3,1,H001525,4,Wim Fias|Jean-Philippe van Dijck,cognitieve functies|gedrag|hersenen|beeldvormingstechnieken|patiëntonderzoek,periodegebonden,schriftelijk examen met meerkeuzevragen,schriftelijk examen met meerkeuzevragen,
BACH,HBPSYCTH,3,1,H001535,5,Bruno Merlevede,bedrijfseconomie,periodegebonden,schriftelijk examen met meerkeuzevragen,schriftelijk examen met meerkeuzevragen,
BACH,HBPSYCTH,3,1,H002005,4,Ruth Krebs|Julie Hall|David Wisniewski,neuroimaging|cognitieve neurowetenschappen|fmri|eeg|tms,periodegebonden,schriftelijk examen met open vragen,schriftelijk examen met open vragen,
BACH,HBPSYCTH,3,1,H002020,5,Bert Weijters,consumentengedrag|marktonderzoek,periodegebonden|niet-periodegebonden,schriftelijk examen,schriftelijk examen,participatie|werkstuk
BACH,HBPSYCTH,3,1,H002132,6,Nico Böhler,perceptie|aandacht|cognitieve en motorische controle|taal.,periodegebonden,schriftelijk examen met open vragen|werkstuk,mondeling examen,
BACH,HBPSYCTH,3,2,H001648,5,Veerle De Herdt,neurologische aandoeningen|neurologische ziektebeelden|neurologische symptomen|centraal zenuwstelsel|hersenen|zenuwen,periodegebonden,schriftelijk examen met meerkeuzevragen,schriftelijk examen met open vragen|schriftelijk examen met meerkeuzevragen|mondeling examen,
BACH,HBPSYCTH,3,2,H002024,3,Barbara Briers|Wouter Duyck,oordeels - en besluitvorming|rationaliteit|heuristieken|biases|intuïtie|cognitieve fouten|prospect theorie,periodegebonden|niet-periodegebonden,schriftelijk examen met meerkeuzevragen,schriftelijk examen met meerkeuzevragen,werkstuk|verslag
BACH,HBPSYCTH,3,2,H002126,5,Beatrijs Moerkerke,onderzoeksmethoden|statistiek|data-analyse,periodegebonden|niet-periodegebonden,schriftelijk examen met open vragen|schriftelijk examen met meerkeuzevragen|openboekexamen,schriftelijk examen met open vragen|schriftelijk examen met meerkeuzevragen|openboekexamen,participatie
BACH,HBPSYCTH,3,2,H002127,4,Tom Balthazar,statuut|titelbescherming|gezondheidsrecht|privacy|beroepsgeheim|aansprakelijkheid|wetenschappelijk onderzoek,periodegebonden,schriftelijk examen met open vragen|schriftelijk examen met meerkeuzevragen|schriftelijk examen,schriftelijk examen met open vragen|schriftelijk examen met meerkeuzevragen|schriftelijk examen,
BACH,HBPSYCTH,3,2,H002134,3,Katharina D'Herde,macroscopische anatomie|centraal zenuwstelsel,periodegebonden|niet-periodegebonden,schriftelijk examen met meerkeuzevragen,schriftelijk examen met meerkeuzevragen,schriftelijk examen
BACH,HBPSYCTH,3,2,H002152,5,Lieven De Marez,communicatietechnologie|ict|innovatie|nieuwe media,periodegebonden,schriftelijk examen met open vragen,schriftelijk examen met open vragen,
BACH,HBPSYCTH,3,J,H002036,6,Frederick Verbruggen|Nicolas Dirix,experimentele psychologie|cognitie,niet-periodegebonden,,,participatie|werkstuk
BACH,HBPSYCTH,3,J,H002370,6,Tom Verguts|Eleonore Smalle,experimentele psychologie|programmeren|experimenten,niet-periodegebonden,,,vaardigheidstest
MABA,HMPEDAKO,1,1,H001754,5,Sara Rowaert|Jos van Loon,"diagnostiek|assessment|handelingsplanning|diagnostische cyclus|methodisch en planmatig handelen|sterktegerichte benadering|multidisciplinair werken|testonderzoek|case management, outreaching|context- en gezinsgericht handelen",periodegebonden|niet-periodegebonden,schriftelijk examen met open vragen|openboekexamen,schriftelijk examen met open vragen|openboekexamen,werkstuk|verslag
MABA,HMPEDAKO,1,1,H001831,5,Yves Rosseel,data-analyse,periodegebonden,openboekexamen,openboekexamen,
MABA,HMPEDAKO,1,1,H002073,6,Lieve Bradt,sociale pedagogiek|opvoeding tot democratie|burgerschap|participatie|kinderen en jongeren,periodegebonden|niet-periodegebonden,schriftelijk examen met open vragen,schriftelijk examen met open vragen,werkstuk
MABA,HMPEDAKO,1,1,H002200,6,Geert Van Hove,disability studies|personen met labels|onderzoek over personen met labels.,niet-periodegebonden,,,portfolio|werkstuk|peer-evaluatie|verslag
MABA,HMPEDAKO,1,1,H002204,6,Stijn Vandevelde|Sarah De Pauw|Frank D'oosterlinck|Jan Naert,gedragsstoornissen|emotionele stoornissen|theoretische kaders|behandelingsvormen|bijzondere doelgroepen|gezinsondersteunend en gezinsgericht werken|onderwijs.,periodegebonden|niet-periodegebonden,schriftelijk examen,schriftelijk examen,werkstuk
MABA,HMPEDAKO,1,2,H000124,5,Annemie Desoete|Petra Warreyn,lezen|spellen|rekenen|leerstoornissen|dyslexie|dysorthografie|dyscalculie|detectie|assessment|remediëren|sticordi/redelijke aanpassingen|psychoeducatie|universeel ontwerp voor leren (universal design for learning - udl)|m-decreet|zorgcontinuüm|comorbiditeit,periodegebonden|niet-periodegebonden,schriftelijk examen,schriftelijk examen,participatie|werkstuk|peer-evaluatie|verslag
MABA,HMPEDAKO,1,2,H000406,4,Roeljan Wiersema,ontwikkelingsstoornissen|gedragsstoornissen|psychologische interventies|gedragstherapie|gezinstherapie,periodegebonden|niet-periodegebonden,schriftelijk examen met open vragen|openboekexamen,schriftelijk examen met open vragen|openboekexamen,participatie|werkstuk
MABA,HMPEDAKO,1,2,H001895,5,Michel Vandenbroeck,gezin|opvoeding|opvoedingsondersteuning.,periodegebonden|niet-periodegebonden,schriftelijk examen,schriftelijk examen,werkstuk
MABA,HMPEDAKO,1,2,H002205,6,Wouter Vanderplasschen|Clara De Ruysscher,middelenmisbruik|herstel|verslavingszorg|preventie|diagnostiek|behandeling|methoden en interventies|therapeutische gemeenschappen|case management|wetenschappelijk onderzoek|alcohol|illegale drugs.,periodegebonden|niet-periodegebonden,schriftelijk examen met open vragen|mondeling examen,schriftelijk examen met open vragen|schriftelijk examen met meerkeuzevragen,schriftelijk examen met open vragen|portfolio|verslag
MABA,HMPEDAKO,1,2,H002206,4,Sarah De Pauw|Reitske Meganck,kinderen|adolescenten|gezinnen|psychoanalyse|ontwikkelingsgerichte theorie|orthopedagogisch werken,periodegebonden,schriftelijk examen met open vragen,schriftelijk examen met open vragen,
MABA,HMPEDAKO,1,J,H002203,4,,systematische en methodische voorbereiding van wetenschappelijk manuscript|probleemstelling|ethische code|wetenschappelijk onderzoek|reflective practitioner|wetenschappelijke rapportering|apa-richtlijnen.,periodegebonden,participatie|werkstuk,participatie|werkstuk,
MABA,HMPEDAKO,2,J,H001551,6,Stijn Vandevelde|Claudia Claes|Olivier Colins|Sarah De Pauw|Elisabeth De Schauwer|Geert Van Hove|Jos van Loon,integratieve orthopedagogiek|postmodernisme|disability studies|drugmisbruik|gedrags- en emotionele stoornissen,niet-periodegebonden,,,werkstuk|verslag
MABA,HMPEDAKO,2,J,H001886,6,Claudia Claes|Clara De Ruysscher,coaching|consultatie|individuele begeleiding.,niet-periodegebonden,,,portfolio|werkstuk
MABA,HMPEDAKO,2,J,H001900,20,,wetenschappelijk manuscript|methodologische uitwerking op basis van een probleemstelling|ethische code|wetenschappelijk onderzoek|reflective practitioner|wetenschappelijke rapportering|apa-richtlijnen.,periodegebonden,mondeling examen|participatie|werkstuk,mondeling examen|participatie|werkstuk,
MABA,HMPEDAKO,2,J,H002041,28,Elisabeth De Schauwer,stage|praktijk|wetenschappelijk onderzoek|reflecteren|probleemgericht/handelingsgericht werken|positie orthopedagoog in vlaanderen/belgië,niet-periodegebonden,,,portfolio|participatie|gedragsevaluatie op de werkvloer
MABA,HMPEDAKO,2,J,H002042,28,Elisabeth De Schauwer,buitenlandse stage|praktijk|wetenschappelijk onderzoek|reflecteren|probleemgericht/handelingsgericht werken (in ngo’s),niet-periodegebonden,,,portfolio|participatie|gedragsevaluatie op de werkvloer
MABA,HMPEDAKO,2,J,H002043,28,Elisabeth De Schauwer,stage|praktijk|wetenschappelijk onderzoek|reflecteren|probleemgericht/handelingsgericht werken|uitdagingen in binnen-/ buitenland,niet-periodegebonden,,,portfolio|participatie|gedragsevaluatie op de werkvloer
MABA,HMPEDAPO,1,1,H001271,5,Kris Rutten,cultuur|identiteit|representatie|media,niet-periodegebonden,,,portfolio|participatie|werkstuk
MABA,HMPEDAPO,1,1,H001831,5,Yves Rosseel,data-analyse,periodegebonden,openboekexamen,openboekexamen,
MABA,HMPEDAPO,1,1,H002047,6,Johan van Braak|Ruben Vanderlinde,"onderwijsinnovatie, schoolverbetering",periodegebonden|niet-periodegebonden,schriftelijk examen met open vragen,schriftelijk examen met open vragen,werkstuk
MABA,HMPEDAPO,1,1,H002048,7,Hilde Van Keer,begeleiding van leerprocessen en praktijkbegeleiding|coaching|tutoring|mentoring|intervisie|supervisie|onderwijscontexten|diversiteit|interculturaliteit in onderwijs|zorgverbreding|gelijke onderwijskansen,periodegebonden|niet-periodegebonden,schriftelijk examen met open vragen,schriftelijk examen met open vragen,portfolio|gedragsevaluatie op de werkvloer
MABA,HMPEDAPO,1,1,H002073,6,Lieve Bradt,sociale pedagogiek|opvoeding tot democratie|burgerschap|participatie|kinderen en jongeren,periodegebonden|niet-periodegebonden,schriftelijk examen met open vragen,schriftelijk examen met open vragen,werkstuk
MABA,HMPEDAPO,1,1,H002209,4,Bram De Wever,hoger onderwijs|levenslang leren|bama|curriculum|kwaliteitszorg|relevantie|internationalisering|online learning.,periodegebonden|niet-periodegebonden,mondeling examen,mondeling examen,portfolio|werkstuk|vaardigheidstest
MABA,HMPEDAPO,1,2,H000711,7,Tammy Schellens|Tijs Rotsaert,onderwijstechnologie|technologiegebruik|elektronische leeromgevingen|webgebaseerde instructie|onderwijstechnologische trends|onderwijstechnologisch onderzoek,periodegebonden|niet-periodegebonden,schriftelijk examen met open vragen,schriftelijk examen met open vragen,participatie|werkstuk|peer-evaluatie|verslag
MABA,HMPEDAPO,1,2,H001751,7,Ruben Vanderlinde|Hanne Tack,professionaliteitsopvattingen|beroepsprofiel voor leraren|opleidingsparadigma|teacher thinking onderzoek|reflectieve paradigma|modellen van begeleiding in professionele ontwikkeling leraren|professionele ontwikkeling lerarenopleiders,periodegebonden|niet-periodegebonden,mondeling examen,mondeling examen,portfolio|werkstuk|peer-evaluatie|verslag
MABA,HMPEDAPO,1,2,H001895,5,Michel Vandenbroeck,gezin|opvoeding|opvoedingsondersteuning.,periodegebonden|niet-periodegebonden,schriftelijk examen,schriftelijk examen,werkstuk
MABA,HMPEDAPO,1,J,H002203,4,,systematische en methodische voorbereiding van wetenschappelijk manuscript|probleemstelling|ethische code|wetenschappelijk onderzoek|reflective practitioner|wetenschappelijke rapportering|apa-richtlijnen.,periodegebonden,participatie|werkstuk,participatie|werkstuk,
MABA,HMPEDAPO,2,1,H000196,5,Geert Devos|Melissa Tuytens|Hilde Van Keer,onderwijsbeleid|schoolmanagement|schoolontwikkeling|schoolcultuur|schoolbeleid,periodegebonden|niet-periodegebonden,schriftelijk examen met open vragen,schriftelijk examen met open vragen,werkstuk
MABA,HMPEDAPO,2,1,H002044,20,Martin Valcke,praktijkonderzoek|pedagogische setting|praktijkrelevatie|evidence-based handelen.,niet-periodegebonden,,,portfolio|participatie|gedragsevaluatie op de werkvloer
MABA,HMPEDAPO,2,1,H002045,20,Martin Valcke,praktijkonderzoek|pedagogische setting|praktijkrelevatie|evidence-based handelen.,niet-periodegebonden,,,portfolio|participatie|gedragsevaluatie op de werkvloer
MABA,HMPEDAPO,2,1,H002046,20,Martin Valcke,praktijkonderzoek|pedagogische setting|praktijkrelevatie|evidence-based handelen.,niet-periodegebonden,,,portfolio|participatie|gedragsevaluatie op de werkvloer
MABA,HMPEDAPO,2,2,H000600,5,Johan van Braak,toetsing|effectiviteit|evaluatie|performance indicatoren|testtheorie,periodegebonden|niet-periodegebonden,mondeling examen,vaardigheidstest,portfolio|werkstuk
MABA,HMPEDAPO,2,2,H000940,5,Bram De Wever,levenslang leren|volwasseneneducatie en -onderwijs|permanente educatie|arbeidsmarkt|vorming-training-opleiding (vto)|matheuseffect in lvv,periodegebonden|niet-periodegebonden,mondeling examen,mondeling examen,portfolio
MABA,HMPEDAPO,2,2,H001891,5,Michel Vandenbroeck|Martin Valcke,eigentijds onderwijssysteem|methodeonderwijs|alternatief onderwijs|reformpedagogiek|onderwijskundig referentiekader|historisch perspectief,periodegebonden|niet-periodegebonden,schriftelijk examen|openboekexamen,schriftelijk examen|openboekexamen,werkstuk
MABA,HMPEDAPO,2,J,H001900,20,,wetenschappelijk manuscript|methodologische uitwerking op basis van een probleemstelling|ethische code|wetenschappelijk onderzoek|reflective practitioner|wetenschappelijke rapportering|apa-richtlijnen.,periodegebonden,mondeling examen|participatie|werkstuk,mondeling examen|participatie|werkstuk,
MABA,HMPSYCBD,1,1,H002027,7,Inger De Wilde,individueel arbeidsrecht|collectief arbeidsrecht,periodegebonden,schriftelijk examen met open vragen,schriftelijk examen met open vragen,
MABA,HMPSYCBD,1,1,H002032,4,Sophie Maussen|Patricia Everaert,dubbel boekhouden|jaarrekening van een onderneming|balans|resultatenrekening|resultaatverwerking,periodegebonden,schriftelijk examen met meerkeuzevragen|schriftelijk examen,schriftelijk examen met meerkeuzevragen|schriftelijk examen,
MABA,HMPSYCBD,1,1,H002201,7,Eva Derous,personeelsbeleid|human resource management|personeelsmanagement|personeelspsychologie,periodegebonden|niet-periodegebonden,schriftelijk examen met open vragen,schriftelijk examen met open vragen,participatie|simulatie|verslag
MABA,HMPSYCBD,1,1,H002208,4,Bert Weijters,management|marketing|organisatie|strategie,periodegebonden|niet-periodegebonden,schriftelijk examen,schriftelijk examen,participatie|werkstuk|verslag
MABA,HMPSYCBD,1,2,H002025,7,Malte Runge,organisatiegedrag|organisatiewettenschap,periodegebonden|niet-periodegebonden,schriftelijk examen met open vragen|schriftelijk examen met meerkeuzevragen,schriftelijk examen met open vragen|schriftelijk examen met meerkeuzevragen,portfolio|participatie|werkstuk
MABA,HMPSYCBD,1,2,H002026,5,Peter Vlerick,arbeid|welbevinden|gezondheid,periodegebonden|niet-periodegebonden,schriftelijk examen met meerkeuzevragen,schriftelijk examen met meerkeuzevragen,participatie|werkstuk|peer-evaluatie
MABA,HMPSYCBD,1,2,H002031,4,Peter Vlerick,consumentengedrag,periodegebonden|niet-periodegebonden,schriftelijk examen met meerkeuzevragen,schriftelijk examen met meerkeuzevragen,participatie|werkstuk|peer-evaluatie
MABA,HMPSYCBD,1,2,H002138,5,Tom Loeys,data-analyse|multivariate statistiek|mixed methods,periodegebonden,schriftelijk examen met open vragen|schriftelijk examen met meerkeuzevragen|openboekexamen,schriftelijk examen met open vragen|schriftelijk examen met meerkeuzevragen|openboekexamen,
MABA,HMPSYCBD,1,2,H002377,5,Katia Levecque|Anneleen Mortier,arbeidsmarkt|werkgevers-werknemers relaties|sociaal overleg|onderhandelen,periodegebonden|niet-periodegebonden,schriftelijk examen,schriftelijk examen,vaardigheidstest
MABA,HMPSYCBD,1,J,H000079,4,,probleemstelling|literatuurstudie|onderzoeksdesign|wetenschappelijk onderzoek|onderzoeksplanning|rapportering|apa-richtlijnen|wetenschappelijke integriteit,periodegebonden,participatie|werkstuk,participatie|werkstuk,
MABA,HMPSYCBD,1,J,H002202,4,,coaching|training|communicatie|zelfreflectie|feedback|presentatievaardigheden,niet-periodegebonden,,,portfolio|participatie|vaardigheidstest
MABA,HMPSYCBD,2,2,H001996,5,Bart Van de Ven,consulting|interventies|evidence-based management,periodegebonden|niet-periodegebonden,schriftelijk examen,schriftelijk examen,participatie|werkstuk|peer-evaluatie
MABA,HMPSYCBD,2,2,H002033,5,Filip De Fruyt|Jasmine Vergauwe,loopbaan management|beroepsoriëntering|loopbaanbegeleiding talent management|talent assessment,niet-periodegebonden,,,werkstuk|peer-evaluatie
MABA,HMPSYCBD,2,J,H001613,20,,reflectie|onderzoeksresultaten|rapportering resultaten|terugkoppeling|formele adviezen|beperking onderzoek|apa-richtlijnen|rapportering,periodegebonden,participatie|werkstuk,participatie|werkstuk,
MABA,HMPSYCBD,2,J,H002034,30,Eva Derous|Bert Weijters,praktijkervaring|bedrijfspsychologische werkvelden,niet-periodegebonden,,,portfolio|participatie|gedragsevaluatie op de werkvloer|verslag
MABA,HMPSYCKL,1,1,H002088,4,Reitske Meganck|Paul Verhaeghe,psychoanalyse|klinisch psychodiagnostisch proces|structurele diagnostiek|psychoanalytische casus formulering|etiologie,periodegebonden|niet-periodegebonden,schriftelijk examen,schriftelijk examen,participatie|verslag
MABA,HMPSYCKL,1,1,H002095,4,Sandra Verbeken|Barbara De Clercq,assessment|ontwikkelingspsychopathologische aanpak|multimethod|multi-informant|handelingsgericht|kinderen|adolescenten.,periodegebonden|niet-periodegebonden,schriftelijk examen met open vragen,schriftelijk examen met open vragen,participatie|werkstuk
MABA,HMPSYCKL,1,1,H002098,4,Lesley Verhofstadt,interpersoonlijke processen - cliëntsystemen,periodegebonden|niet-periodegebonden,schriftelijk examen met open vragen,schriftelijk examen met open vragen,participatie|verslag
MABA,HMPSYCKL,1,1,H002102,4,Anouk Vanden Bogaerde,cognitieve processen|leerprocessen|metingen,periodegebonden|niet-periodegebonden,schriftelijk examen met open vragen,schriftelijk examen met open vragen,participatie|werkstuk
MABA,HMPSYCKL,1,1,H002107,4,Herbert Roeyers|Petra Warreyn,autismespectrumstoornis|adhd|stoornis van gilles-de-la-tourette|specifieke ontwikkelingsstoornissen|verstandelijke beperking|screening|diagnose|assessement|psychologische theorievorming,periodegebonden|niet-periodegebonden,openboekexamen,openboekexamen,participatie|verslag
MABA,HMPSYCKL,1,1,H002110,3,Melissa De Smet,klinisch psychodiagnostisch proces|casus formulering|multiperspectivisme|diversiteit|reflective practioner,periodegebonden|niet-periodegebonden,openboekexamen,openboekexamen,portfolio|peer-evaluatie|verslag
MABA,HMPSYCKL,1,1,H002146,4,Kurt Audenaert,psychiatrie|psychopathologie|dsm|psychiatrische ziektebeelden,periodegebonden,schriftelijk examen met open vragen|schriftelijk examen met meerkeuzevragen|schriftelijk examen,schriftelijk examen met open vragen|schriftelijk examen met meerkeuzevragen|schriftelijk examen,
MABA,HMPSYCKL,1,2,H002096,3,Katrijn Brenning|Barbara De Clercq|Annemie Desoete|Herbert Roeyers|Sandra Verbeken,eerstelijnsgezondheidszorg|kinderen|jongeren|diagnostiek|kortdurende interventies.,periodegebonden|niet-periodegebonden,schriftelijk examen met open vragen,schriftelijk examen met open vragen,schriftelijk examen met meerkeuzevragen
MABA,HMPSYCKL,1,2,H002106,3,Ann Buysse,eerstelijnszorg|transdiagnostisch werken|kortdurende behandeling|kop-model|bemiddeling,periodegebonden|niet-periodegebonden,schriftelijk examen met open vragen,schriftelijk examen met open vragen,openboekexamen|werkstuk
MABA,HMPSYCKL,1,2,H002138,5,Tom Loeys,data-analyse|multivariate statistiek|mixed methods,periodegebonden,schriftelijk examen met open vragen|schriftelijk examen met meerkeuzevragen|openboekexamen,schriftelijk examen met open vragen|schriftelijk examen met meerkeuzevragen|openboekexamen,
MABA,HMPSYCKL,1,J,H002139,4,,probleemstelling|literatuurstudie|onderzoeksdesign|wetenschappelijk onderzoek|onderzoeksplanning|rapportering|apa-richtlijnen|wetenschappelijke integriteit,periodegebonden,participatie|werkstuk,participatie|werkstuk,
MABA,HMPSYCKL,2,J,H002105,3,Lesley Verhofstadt,integratie – assessment & interventie - praktijkgericht - communiceren in team – procesmatig en feedback-gestuurd werken – eigen positie als psycholoog,niet-periodegebonden,,,participatie|peer-evaluatie|verslag
MABA,HMPSYCKL,2,J,H002145,20,,reflectie|onderzoeksresultaten|rapportering resultaten|terugkoppeling|formele adviezen|beperking onderzoek|apa-richtlijnen|rapportering,periodegebonden,participatie|werkstuk,participatie|werkstuk,
MABA,HMPSYCKL,2,J,H002147,29,Stijn Vanheule,praktijkervaring|klinisch|psychologisch|werkveld,niet-periodegebonden,,,gedragsevaluatie op de werkvloer|verslag
MABA,HMPSYCKL,2,J,H002148,29,Caroline Braet,klinische praktijkervaring|klinische setting|klinisch psychologisch werkveld|ontwikkelingsgerichte psychotherapie|case conceptualisatie,niet-periodegebonden,,,gedragsevaluatie op de werkvloer|verslag
MABA,HMPSYCKL,2,J,H002149,29,Rudi De Raedt,klinische praktijkervaring|klinische setting|gedragstherapie|systeemtherapie|ontwikkelingsstoornissen|gezondheidspsychologie|case conceptualisatie,niet-periodegebonden,,,gedragsevaluatie op de werkvloer|verslag
MABA,HMPSYCON,1,1,H001727,6,Tammy Schellens|Ruben Vanderlinde,doelstellingen|didactische werkvormen|leermiddelen|evaluatie|klasmanagement|klassenraden|deliberaties en teamwerking,periodegebonden|niet-periodegebonden,schriftelijk examen met open vragen,schriftelijk examen met open vragen,portfolio|participatie|werkstuk
MABA,HMPSYCON,1,1,H001917,6,Bram De Wever|Tammy Schellens|Martin Valcke|Michiel Voet,didactiek|visies op leren en onderwijzen|onderwijskundig referentiekader|werkvormen|toetsing en evaluatie|individuele verschillen,periodegebonden|niet-periodegebonden,schriftelijk examen met meerkeuzevragen,schriftelijk examen met meerkeuzevragen,werkstuk
MABA,HMPSYCON,1,2,H001804,4,Geert Vandermeersche|Tom Decorte|Emmelien Merchie|Evelien Opdecam|Tony Valcke,maatschappelijke en vakoverschrijdende thema's|competenties|attitudes,periodegebonden|niet-periodegebonden,schriftelijk examen met open vragen,schriftelijk examen met open vragen,portfolio|participatie|werkstuk|verslag
MABA,HMPSYCON,1,J,H000079,4,,probleemstelling|literatuurstudie|onderzoeksdesign|wetenschappelijk onderzoek|onderzoeksplanning|rapportering|apa-richtlijnen|wetenschappelijke integriteit,periodegebonden,participatie|werkstuk,participatie|werkstuk,
MABA,HMPSYCON,2,2,H001728,6,Esther Gheyssens|Tammy Schellens|Ruben Vanderlinde,modellen en methodes van begeleiding in professionele ontwikkeling|vakoverschrijdend werken|actuele maatschappelijke ontwikkelingen in een educatief perspectief|sociale vaardigheden|intercultureel onderwijs|didactische werkvormen,niet-periodegebonden,,,portfolio|participatie|werkstuk|peer-evaluatie
MABA,HMPSYCON,2,2,H001993,4,Johnny Fontaine,cultuur|gedrag,periodegebonden,schriftelijk examen met open vragen|schriftelijk examen met meerkeuzevragen,schriftelijk examen met open vragen|schriftelijk examen met meerkeuzevragen,
MABA,HMPSYCON,2,J,H001613,20,,reflectie|onderzoeksresultaten|rapportering resultaten|terugkoppeling|formele adviezen|beperking onderzoek|apa-richtlijnen|rapportering,periodegebonden,participatie|werkstuk,participatie|werkstuk,
MABA,HMPSYCTH,1,1,H001997,6,Yves Rosseel,data-analyse,periodegebonden,openboekexamen,openboekexamen,
MABA,HMPSYCTH,1,1,H002000,5,Tom Verguts|Mehdi Senoussi,neurale netwerken|formele modellen|theorievorming m.b.t. cognitieve processen,periodegebonden|niet-periodegebonden,schriftelijk examen|openboekexamen,schriftelijk examen|openboekexamen,participatie|werkstuk|vaardigheidstest
MABA,HMPSYCTH,1,1,H002001,5,Wim Fias|Muhammet Sahan,neurowetenschappelijke methoden|cognitieve functies,periodegebonden|niet-periodegebonden,werkstuk,mondeling examen,werkstuk
MABA,HMPSYCTH,1,1,H002368,3,Robert Hartsuiker,,periodegebonden,schriftelijk examen met open vragen,schriftelijk examen met open vragen,
MABA,HMPSYCTH,1,2,H002135,6,Senne Braem,cognitieve neurowetenschappen,periodegebonden,schriftelijk examen met open vragen,schriftelijk examen met open vragen,
MABA,HMPSYCTH,1,2,H002162,4,Guy Vingerhoets|Helena Verhelst,neuropsychologie|neuropsychologische diagnostiek|cognitieve stoornissen|hersenletsel,periodegebonden|niet-periodegebonden,schriftelijk examen met meerkeuzevragen,schriftelijk examen met meerkeuzevragen,werkstuk
MABA,HMPSYCTH,1,2,H002369,3,Robert Hartsuiker,,niet-periodegebonden,,,participatie|werkstuk
MABA,HMPSYCTH,1,J,H000079,4,,probleemstelling|literatuurstudie|onderzoeksdesign|wetenschappelijk onderzoek|onderzoeksplanning|rapportering|apa-richtlijnen|wetenschappelijke integriteit,periodegebonden,participatie|werkstuk,participatie|werkstuk,
MABA,HMPSYCTH,1,J,H002002,8,Tom Verguts|Elise Lesage,experimentele psychologie|onderzoek,niet-periodegebonden,,,vaardigheidstest|verslag
MABA,HMPSYCTH,2,2,H002003,4,Frederik Van de Steen,praktische data-analyse reproduceerbaarheid data-management,periodegebonden,schriftelijk examen met open vragen|werkstuk,schriftelijk examen met open vragen|werkstuk,
MABA,HMPSYCTH,2,2,H002136,6,Senne Braem,cognitieve neurowetenschappen,periodegebonden,schriftelijk examen met open vragen,schriftelijk examen met open vragen,
MABA,HMPSYCTH,2,J,H001613,20,,reflectie|onderzoeksresultaten|rapportering resultaten|terugkoppeling|formele adviezen|beperking onderzoek|apa-richtlijnen|rapportering,periodegebonden,participatie|werkstuk,participatie|werkstuk,
MABA,HMPSYCTH,2,J,H002007,30,Robert Hartsuiker|Einat Rashal,onderzoek|cognitieve psychologie|neuropsychologie,niet-periodegebonden,,,participatie|werkstuk|gedragsevaluatie op de werkvloer|verslag
MABA,HMSOCW,1,1,H001271,5,Kris Rutten,cultuur|identiteit|representatie|media,niet-periodegebonden,,,portfolio|participatie|werkstuk
MABA,HMSOCW,1,1,H001757,5,Sami Zemni,ideologie|vrijheid|gelijkheid|solidariteit|emancipatie|vooruitgang.,periodegebonden,schriftelijk examen met open vragen|schriftelijk examen met meerkeuzevragen,schriftelijk examen met open vragen|schriftelijk examen met meerkeuzevragen,
MABA,HMSOCW,1,1,H001912,5,Sara Rowaert|Jos van Loon,"diagnostiek|assessment|handelingsplanning|diagnostische cyclus, sterktegerichte sociaal werk|multidisciplinair werken|testonderzoek|case management, outreaching|context- en gezinsgericht handelen",periodegebonden|niet-periodegebonden,schriftelijk examen met open vragen|openboekexamen,schriftelijk examen met open vragen|openboekexamen,werkstuk|verslag
MABA,HMSOCW,1,1,H002069,5,Joris De Corte,structureel sociaal werk|politiseren|advocacy|welvaartsstaat|logica's in sociaal beleid|beleidsanalyse|identiteit en gemeenschapsvorming,periodegebonden,mondeling examen,mondeling examen,
MABA,HMSOCW,1,1,H002072,4,,sociaal-pedagogische en sociaal-werkliteratuur verdiepende studie interactieve seminarie,niet-periodegebonden,,,participatie|werkstuk
MABA,HMSOCW,1,1,H002073,6,Lieve Bradt,sociale pedagogiek|opvoeding tot democratie|burgerschap|participatie|kinderen en jongeren,periodegebonden|niet-periodegebonden,schriftelijk examen met open vragen,schriftelijk examen met open vragen,werkstuk
MABA,HMSOCW,1,2,H001896,5,Geert Devos,onderzoek|praktijkverkenning|management|social profit sector.,periodegebonden|niet-periodegebonden,mondeling examen,mondeling examen,werkstuk
MABA,HMSOCW,1,2,H002071,6,Rudi Roose,discretionaire ruimte|managerialisme|evidence based sociaal werk|social theory|kritisch en radicaal sociaal werk|verzet|de sociaal werker als blije sisyphus|professionalisering,periodegebonden,mondeling examen,mondeling examen,
MABA,HMSOCW,1,2,H002211,5,Griet Roets|Simon Allemeersch,burgerschap|vermaatschappelijking van de zorg|solidariteit|sociale ongelijkheid|onzichtbare zorg,niet-periodegebonden,werkstuk,werkstuk,werkstuk
MABA,HMSOCW,1,J,H002037,24,,wetenschappelijk manuscript|methodologische uitwerking op basis van een probleemstelling|ethische code|wetenschappelijk onderzoek|reflective practitioner|apa-richtlijnen|wetenschappelijke rapportering,periodegebonden,mondeling examen|portfolio|participatie|werkstuk,mondeling examen|portfolio|participatie|werkstuk,
